fy_18,,0,42012050.8827923,19317307.4632967,2767648.34874564,1390309.30466269,-2889885.50375803,0,30126.1362669858,0,65262.6097684078,0,5585237.76136971,99220.107945098,551932.213555037,18096795.1640156,2658471.54915709,-149172.780982636,2818052.05869926,0,1026193.20164774,39686410.8529091,434363.157610367,1879037.4214258,4688992.67572816,8443259.73442241,511577.485396805,0,1192149.80936393,352403.566420576,3189345.09375027,-315099.731816209,0,5462958.79746583,2369336.27719584,2174893.8872908,0,0,1701255.25879053,-182388.14566225,5780646.95569589,,fy_18,"  170,748,692","  174,008,083",,,fy_18,"44,554,735","19,317,307","2,767,648","-2,889,886",0,"18,096,795","42,923,456","39,686,411","511,577",0,0,"5,780,647"
fy_19,,0,99301211.177509,47810474.2649502,4147653.54924205,1270144.02639461,-8832816.91566781,0,103832.446111885,0,101770.904676473,1136814.46762572,13631095.091098,191022.809899203,1441819.8151045,41753753.2230486,5017939.87859592,951254.521522804,4224608.7613259,0,1746533.67682829,92665754.6801263,1064831.83024291,4407577.79804257,10066966.6689559,19560906.1166839,1095498.00764548,21964.6117765383,2709815.78646797,2273591.08735778,3957236.79982018,-1351393.15063609,0,16788549.6489091,3511823.60406796,3775950.80521518,3532030.35870043,0,3710501.25172366,-1394419.46281175,16804737.7138728,,fy_19,"  397,199,036","  396,510,925",,,fy_19,"101,463,890","47,810,474","4,147,654","-8,832,817",0,"41,753,753","96,736,096","92,665,755","1,095,498","21,965","3,532,030","16,804,738"
fy_20,,2370588.416245,80204824.4126034,38736646.8568552,4990883.38766176,20248.3572968086,-5358571.86938127,4224824.79950717,257055.043579675,0,48111.5540597838,869080.387957246,11529760.9115086,313964.918411624,1061221.21586357,42678678.234429,295740.873499498,642257.768676678,7481168.13599936,0,223163.352767223,76993572.7091359,1284455.05287703,4167420.9163326,5940984.12273665,19010693.9262367,1719431.64928061,1606350.37954578,1189457.2116279,1049219.30616444,4396698.46741631,-222136.277327855,1070133.72372521,7175936.28934088,959914.306741122,4117656.94668126,5185008.24204133,0,3242535.87944708,-765782.450768854,28673193.5592226,,fy_20,"  357,384,391","  354,861,181",,,fy_20,"84,255,862","38,736,647","4,990,883","-5,358,572","4,224,825","42,678,678","73,678,511","76,993,573","1,719,432","1,606,350","5,185,008","28,673,194"
fy_21,,300156.718086874,95481933.8245279,43731378.745716,3815023.72990799,0,-6165331.35861688,171060.879225983,89949.0977475561,740443.92633663,213519.109974338,1736812.7764597,12562170.7596718,34132.2262173368,1897693.96837264,60016800.1063438,4024081.86556017,1377794.38333994,21714596.2202562,-2905331.3992876,27360.3953000179,73215331.033331,1396777.44721286,5278597.31812758,10804957.3287928,24864210.4141759,1397514.65978901,1489633.83526055,1838445.93468183,232580.739089474,4276825.41810864,114296.630299513,959650.567366619,6614213.99046002,856142.667297238,4419553.50414561,6089593.1805016,899233.67527827,4956977.92430084,-978319.100227544,42244300.8937131,,fy_21,"  429,834,764","  431,407,861",,,fy_21,"97,367,200","43,731,379","3,815,024","-6,165,331","171,061","60,016,800","106,462,259","73,215,331","1,397,515","1,489,634","6,089,593","42,244,301"
Total,,2670745.13433187,317000020.297433,149595807.330818,15721209.0155574,2680701.68835411,-23246605.647424,4395885.67873315,480962.723706102,740443.92633663,428664.178479002,3742707.63204267,43308264.5236481,638340.062473262,4952667.21289575,162546026.727837,11996234.1668127,2822133.89255679,36238425.1762808,-2905331.3992876,3023250.62654327,282561069.275502,4180427.48794317,15732633.4539286,31501900.7962135,71879070.1915189,4724021.80211191,3117948.82658286,6929868.74214162,3907794.69903227,15820105.7790954,-1774332.52948065,2029784.29109183,36041658.7261758,7697216.85530216,14488055.1433329,14806631.7812434,899233.67527827,13611270.3142621,-3320909.1594704,93502879.1225044,,Total,"1,355,166,882","1,356,788,050",,,,"327,641,687","149,595,807","15,721,209","-23,246,606","4,395,886","162,546,027","319,800,321","282,561,069","4,724,022","3,117,949","14,806,632","93,502,879"
% Contri,,0.2%,23.39%,11.04%,1.16%,0.2%,-1.72%,0.32%,0.04%,0.05%,0.03%,0.28%,3.2%,0.05%,0.37%,11.99%,0.89%,0.21%,2.67%,-0.21%,0.22%,20.85%,0.31%,1.16%,2.32%,5.3%,0.35%,0.23%,0.51%,0.29%,1.17%,-0.13%,0.15%,2.66%,0.57%,1.07%,1.09%,0.07%,1%,-0.25%,6.9%,,,,,,,,24.18%,11.04%,1.16%,-1.72%,0.32%,11.99%,23.6%,20.85%,0.35%,0.23%,1.09%,6.9%
Group Modeller,,Media,Base,Brand,Brand Watch Earn,Media,Competitor,COVID,Media,Media,Media,Media,Media,Media,Media,Google Trends,Media,Base,Media,Base,Media,OSA,Media,Media,Media,Media,PR,Promotions,Media,Media,Base,Base,Media,Media,Media,Media,Store Open,Media,Media,Base,Web Visits,,,KPI,KPI,,,,Base,Brand,Brand Watch Earn,Competitor,COVID,Google Trends,Media,OSA,PR,Promotions,Store Open,Web Visits
Group_Base_Media_Brand,,Media,Base,Brand,Base,Media,Base,Base,Media,Media,Media,Media,Media,Media,Media,Base,Media,Base,Media,Base,Media,Base,Media,Media,Media,Media,Base,Promotions,Media,Media,Base,Base,Media,Media,Media,Media,Base,Media,Media,Base,Base,,,KPI,KPI,,,,Base,Brand,Brand Watch Earn,Competitor,COVID,Google Trends,Media,OSA,PR,Promotions,Store Open,Web Visits
fy,date,Addressable TV,Base,Brand,Brand Watch Earn,Catalog,Competitor,Covid Store Re-opening,CTV,CTV Digital,Custom Content,Digital Audio,Facebook,Family DM,Family Email,Google Trends,Magazine,National Holidays,National TV,Natural Disaster,OOH,OSA,Paid Search Brand,Paid Search Feed Based,Paid Search Generic,Pinterest,PR,Promotions,Prospecting Emails,Rich Media,School Holidays,Seasonality,Snapchat,Spot Radio,Spot TV,Standard Display,Store Open,Tiktok,Video,Weather,Web Visits,,date,fitted,actual,,date,fy,Base,Brand,Brand Watch Earn,Competitor,COVID,Google Trends,Media,OSA,PR,Promotions,Store Open,Web Visits
fy_18,2018-04-01,0,"1,909,639","797,405","107,475",0,"-165,408",0,354,0,12,0,"237,739","2,953","31,192","758,867","269,050","-149,173","96,043",0,0,"1,544,196","16,205","70,511","182,750","370,696",431,0,"97,391","16,940",0,"-80,946",0,"360,386","51,526","119,838",0,0,"72,764","-19,319","160,452",,2018-04-01,6859968.75017263,7504289.92,,2018-04-01,fy_18,1660200.95968556,797404.998395725,107474.511859733,-165408.184835092,0,758867.339869767,1996350.60230144,1544196.10744065,430.683345518778,0,0,160451.732109332
fy_18,2018-04-08,0,"1,909,639","859,295","115,567",0,"-157,443",0,"1,407",0,"1,602",0,"250,338","3,079","20,836","750,316","176,714",0,"51,663",0,0,"1,623,197","18,026","76,003","190,927","381,891","3,350",0,0,"20,061",0,"-71,567",0,"280,403","112,247","134,680",0,0,"73,743","-13,921","167,417",,2018-04-08,6979469.46984336,7200566,,2018-04-08,fy_18,1824150.22193124,859295.301934642,115566.807378195,-157443.21911373,0,750316.454784144,1793619.04907986,1623197.0655955,3350.44445050904,0,0,167417.343802994
fy_18,2018-04-15,0,"1,909,639","872,893","173,080",0,"-154,227",0,"1,696",0,"3,143",0,"240,057","3,107","27,454","721,757","58,308",0,"93,776",0,0,"1,643,422","18,401","76,634","183,778","390,239","20,726",0,0,"16,831",0,"-69,506",0,"191,145","146,189","125,905",0,0,"74,784","-14,404","193,871",,2018-04-15,6948700.79070939,6635829.8,,2018-04-15,fy_18,1825728.91588661,872893.491975331,173079.854279033,-154227.036676803,0,721757.25300344,1651449.16081944,1643422.03416162,20726.347505774,0,0,193870.769754949
fy_18,2018-04-22,0,"1,909,639","799,794","153,315",0,"-174,021",0,366,0,"2,547",0,"221,437","2,992","25,532","721,271","46,474",0,"111,381",0,0,"1,627,358","18,270","75,470","167,611","375,159","29,413",0,"98,677","8,010",0,"-72,009",0,"116,268","42,465","94,874",0,0,"80,233","-2,761","150,100",,2018-04-22,6629863.34165115,6937694.43000001,,2018-04-22,fy_18,1834869.21419602,799793.747910852,153314.750608254,-174020.860032402,0,721270.74889535,1487765.15559005,1627357.71404172,29412.5221411425,0,0,150100.348300162
fy_18,2018-04-29,0,"1,909,639","720,333","130,806",0,"-164,768",0,"1,699",0,"2,122",0,"204,984","2,627","17,720","680,174","44,504",0,"55,625",0,0,"1,624,860","16,645","72,677","165,959","346,566","10,538",0,0,"8,129",0,"-21,072",0,"68,077","119,856","69,600",0,0,"72,414","-23,464","128,767",,2018-04-29,6265016.29803847,6754788.21,,2018-04-29,fy_18,1865102.78326164,720332.731414535,130806.086235374,-164767.813431776,0,680174.250065187,1269202.92521163,1624860.39172885,10538.202498666,0,0,128766.741054355
fy_18,2018-05-06,0,"1,909,639","724,426","113,942",0,"-157,859",0,"1,502",0,"2,409",0,"209,075","2,685","26,949","746,052","185,855",0,"99,470",0,0,"1,706,195","16,774","72,851","185,979","357,891","7,547",0,0,"9,139",0,0,0,"43,586","150,977","91,906",0,0,"66,985",-187,"167,576",,2018-05-06,6741363.16769511,6634164.37999999,,2018-05-06,fy_18,1909451.96475906,724426.162520529,113942.423729439,-157858.808175186,0,746052.119387964,1524031.4748364,1706195.19733373,7546.59989720873,0,0,167576.03340596
fy_18,2018-05-13,0,"1,909,639","717,222","154,441",0,"-159,446",0,398,0,"2,649",0,"202,138","2,644","10,084","725,148","119,913",0,"114,087",0,0,"1,704,294","13,759","72,916","189,831","345,821",132,0,"98,667","9,219",0,0,0,"25,792","47,814","107,700",0,0,"80,974","-6,859","113,249",,2018-05-13,6602227.69619569,6518641.46,,2018-05-13,fy_18,1902780.15567137,717222.144501967,154441.128403533,-159445.515916579,0,725148.303464307,1444406.84928602,1704293.55642575,132.059914647612,0,0,113249.014444678
fy_18,2018-05-20,0,"1,909,639","763,282","128,799",0,"-146,412",0,"1,244",0,"2,834",0,"224,352","2,827","24,922","781,016","182,690",0,"63,756",0,0,"1,770,226","15,817","79,121","195,073","359,008","69,782",0,"53,976","14,373",0,0,0,"16,548","130,886","137,447",0,0,"91,789","-15,660","230,202",,2018-05-20,7087538.4083596,6998665.29,,2018-05-20,fy_18,1893978.60296989,763281.518882332,128799.406613661,-146411.576089097,0,781016.153537659,1596664.00707793,1770226.33609128,69782.1252435209,0,0,230201.83403243
fy_18,2018-05-27,0,"1,909,639","876,362","92,745",0,"-127,521",0,"1,522",0,"1,877",0,"253,276","3,209","12,072","870,553","208,372",0,"142,407",0,0,"1,868,843","18,846","85,211","208,467","379,127","19,291",0,"113,300","18,380","222,304",0,0,"10,840","156,080","133,498",0,0,"84,285",-96,"223,068",,2018-05-27,7785957.03093053,7839509.73,,2018-05-27,fy_18,2131846.36889683,876362.231579899,92744.7957337043,-127521.489954115,0,870553.075542679,1830769.70001577,1868843.2415966,19290.8358198017,0,0,223068.271699365
fy_18,2018-06-03,0,"1,909,639","928,653","155,008",0,"-122,010",0,351,0,"4,154",0,"259,071","3,475","22,245","827,205","202,199",0,"149,218",0,0,"1,853,112","19,381","84,191","214,592","378,440",133,0,"72,419","16,752","222,738",0,0,"6,426","44,211","85,910",0,0,"68,750","-6,987","200,834",,2018-06-03,7600110.40539226,7384306.22000001,,2018-06-03,fy_18,2125390.17222046,928653.139445057,155007.958334966,-122010.193448617,0,827204.68260722,1631786.1492828,1853112.21163733,132.646036013714,0,0,200833.639277038
fy_18,2018-06-10,0,"1,909,639","927,643","127,270",0,"-122,359",0,"1,534",0,"6,177",0,"256,220","3,474","27,482","796,616","185,039",0,"79,049",0,0,"1,865,664","19,129","85,337","213,351","354,533","9,074",0,"67,187","12,199","222,496",0,0,"3,854","125,727","101,546",0,0,"68,430","-9,781","243,134",,2018-06-10,7579662.57443148,7281696.81,,2018-06-10,fy_18,2122353.95871662,927643.319399521,127269.808919343,-122358.797304372,0,796616.051277418,1610266.11215634,1865663.85721361,9073.98503187136,0,0,243134.279021137
fy_18,2018-06-17,0,"1,909,639","932,633","128,820",0,"-118,239",0,178,0,"3,018",0,"268,792","3,462","16,638","727,354","194,158",0,"102,040",0,0,"1,881,353","18,360","87,361","185,724","302,853","71,706",0,"105,252","13,002","223,693",0,0,"2,304","31,198","118,638",0,0,"93,719","-6,721","219,962",,2018-06-17,7516895.45888187,7156969.55999999,,2018-06-17,fy_18,2126610.21667555,932632.923593916,128819.516764873,-118239.150927516,0,727354.426836655,1546696.87783609,1881352.69814841,71706.1875142275,0,0,219961.762439657
fy_18,2018-06-24,0,"1,909,639","953,826","177,860",0,"-104,721",0,"1,821",0,"2,536",0,"280,886","3,672","33,396","850,620","174,303",0,"55,533",0,0,"1,958,258","19,581","90,359","208,378","357,715","47,755",0,0,"10,429","233,242",0,0,"1,466","143,962","112,309",0,0,"92,362","-1,175","336,866",,2018-06-24,7950877.55572171,8016740.13,,2018-06-24,fy_18,2141705.28314006,953825.761779213,177860.380265555,-104721.20390015,0,850620.41757152,1588707.92470789,1958258.10746063,47754.6318902718,0,0,336866.252806727
fy_18,2018-07-01,0,"1,909,639","917,569","141,030",0,"-107,218",0,"1,948",0,"2,070",0,"284,946","6,792","24,517","990,380","166,918",0,"163,293",0,0,"1,911,895","22,753","93,621","234,825","414,182","24,759",0,"118,052","15,276","228,822",0,0,"431,563","158,533","118,329",0,0,"113,182","-29,798","346,296",,2018-07-01,8704173.31965733,9049360.97999999,,2018-07-01,fy_18,2108661.96421934,917569.142695406,141029.748208502,-107217.506200355,0,990379.748411701,2370800.48158444,1911894.74932902,24758.5957135007,0,0,346296.395695763
fy_18,2018-07-08,0,"1,909,639","903,980","104,709",0,"-115,339",0,"1,940",0,"3,531",0,"282,140","6,495","28,030","822,141","144,349",0,"190,970",0,0,"1,867,936","23,677","90,301","222,855","426,781","9,583",0,0,"18,414","225,433",0,0,"478,425","164,502","119,945",0,0,"96,402","-9,747","340,851",,2018-07-08,8357942.1534607,8360440.82,,2018-07-08,fy_18,2125324.13501537,903980.157190019,104709.316046797,-115339.323501711,0,822141.212712307,2298756.79028354,1867935.7404223,9583.48818814616,0,0,340850.63710393
fy_18,2018-07-15,0,"1,909,639","909,352","68,673",0,"-112,559",0,818,0,"13,008",0,"278,289","6,543","42,236","872,700","43,719",0,"222,579",0,0,"1,877,761","22,548","91,829","221,984","497,547",0,0,"112,191","24,636","226,773",0,0,"506,510","50,939","143,823",0,0,"91,563",0,"337,771",,2018-07-15,8460874.49719344,8748008.57,,2018-07-15,fy_18,2136411.22799956,909352.165307031,68673.4767270147,-112559.239837632,0,872700.355862052,2370764.53859074,1877761.1591912,0,0,0,337770.813353475
fy_18,2018-07-22,0,"1,909,639","929,021","74,490",0,"-114,124",0,"2,313",0,"6,477",0,"275,608","6,706","14,666","944,026","122,044",0,"128,695",0,"3,287","1,903,115","24,444","96,300","276,945","500,589","15,789",0,"38,341","37,488","229,087",0,0,"546,669","147,638","131,870",0,0,"90,138",0,"343,704",,2018-07-22,8684966.65701527,9277058.17999999,,2018-07-22,fy_18,2138725.19247767,929021.105075463,74489.978505697,-114123.804696554,0,944025.613982624,2450219.74638863,1903115.04529696,15789.2966900171,0,0,343704.48329475
fy_18,2018-07-29,0,"1,909,639","990,703","170,804",0,"-93,531",0,"2,166",0,"2,251",0,"288,156","6,944","26,457","922,025","43,634",0,"209,295",0,"111,622","1,968,886","27,109","104,915","284,954","478,612","62,988",0,0,"40,751","239,590",0,0,"510,535","182,622","80,505",0,0,"99,076",-963,"438,258",,2018-07-29,9108001.2173539,9759176.32999998,,2018-07-29,fy_18,2148265.3467348,990703.143889249,170803.877876657,-93531.1516160842,0,922025.067539031,2499602.83343202,1968885.93647575,62988.4202290381,0,0,438257.742793435
fy_18,2018-08-05,0,"1,909,639","970,954","149,216",0,"-105,588",0,"1,505",0,"1,006",0,"272,919","6,562","22,813","943,711","29,307",0,"234,318",0,"185,064","1,880,057","26,050","95,956","270,014","407,722","16,539",0,"105,890","13,857","232,884",0,0,"426,692","54,681","38,219",0,0,"34,813","-13,324","421,282",,2018-08-05,8632757.69351564,9523470.28000001,,2018-08-05,fy_18,2129198.10917067,970953.588779238,149216.454273309,-105588.124527623,0,943710.825780077,2227389.12031392,1880057.49881393,16538.6634100692,0,0,421281.557502054
fy_18,2018-08-12,0,"1,909,639","981,955","150,292","622,036","-107,250",0,"2,791",0,870,0,"278,609","6,922","31,616","938,327","26,374",0,"139,952",0,"241,414","1,892,906","25,665","98,007","267,229","391,250","49,629",0,"66,587","10,330","235,522",0,0,"548,246","177,063","42,211",0,0,"62,463","-4,250","441,233",,2018-08-12,9527636.32482576,9763662.81999999,,2018-08-12,fy_18,2140911.13103909,981954.578754081,150292.05585944,-107249.780849873,0,938326.50050884,3039633.53965335,1892906.29005949,49628.6974105157,0,0,441233.312390831
fy_18,2018-08-19,0,"1,909,639","942,366","81,638","525,231","-121,146",0,"1,697",0,970,0,"266,465","6,484","9,759","918,443","20,895",0,"208,171",0,"250,146","1,869,224","21,859","93,874","243,421","334,012","26,579",0,"44,219","9,429","226,648",0,0,"448,841","50,006","57,684",0,0,"82,508",-438,"286,454",,2018-08-19,8815079.35155151,8695245.65,,2018-08-19,fy_18,2135849.10534201,942366.468040314,81637.9800626911,-121145.526257967,0,918443.420075416,2675671.32729991,1869224.33238103,26578.5222340653,0,0,286453.722374045
fy_18,2018-08-26,0,"1,909,639","897,640","67,668","243,043","-138,697",0,877,0,0,0,"249,738","5,566","55,315","788,091","13,651",0,"106,731",0,"234,660","1,843,652","11,065","85,593","174,346","292,626","15,835",0,0,"8,758","220,115",0,0,"438,381","80,214","8,456",0,0,"9,881","-2,533","289,300",,2018-08-26,7909609.45057258,7967797.15000001,,2018-08-26,fy_18,2127220.28807202,897639.640232389,67668.0320598671,-138697.196464798,0,788091.142300243,2018901.16303804,1843651.58206371,15834.530232279,0,0,289300.269038823
fy_19,2018-09-02,0,"1,909,639","887,571","84,293","44,107","-127,651",0,0,0,0,0,"223,433","2,877","28,759","866,781","2,180","341,818","148,768",0,"221,464","1,856,227","8,257","87,196","206,074","286,167","37,705",0,"115,231","23,206",0,0,0,"338,344","106,621","11,171",0,0,"9,315","-44,560","266,863",,2018-09-02,7941856.43500726,8236536.95,,2018-09-02,fy_19,2206896.79525452,887571.167862885,84293.0956272907,-127651.003693165,0,866780.919747612,1863170.08543773,1856227.23468411,37705.1828023247,0,0,266862.95728396
fy_19,2018-09-09,0,"1,909,639","804,818","111,213","5,542","-170,889",0,171,0,0,0,"221,906","2,404","14,927","705,286","1,821",0,"131,174",0,"156,190","1,674,354","9,009","73,370","213,088","288,382","2,320",0,0,"19,306",0,0,0,"192,965","20,482","20,176",0,0,"17,951","-22,196","146,523",,2018-09-09,6549932.69890426,6395116.07,,2018-09-09,fy_19,1887442.34869475,804817.519701355,111212.783147051,-170888.679773604,0,705285.640124693,1388866.16826807,1674353.82117694,2320.28762034841,0,0,146522.809944664
fy_19,2018-09-16,0,"1,909,639","797,483","86,404",839,"-166,979",0,"1,203",0,0,0,"234,922","2,427","11,855","738,581","1,839",0,"76,595",0,"107,156","1,664,417","9,232","78,492","211,317","311,356","27,041",0,"10,652","22,527",0,0,0,"305,329","68,722","38,342",0,0,"40,883","-55,482","157,603",,2018-09-16,6692392.21704156,6399391.77000001,,2018-09-16,fy_19,1854156.9413565,797482.693651881,86404.3919122821,-166979.200490147,0,738581.309416154,1533686.43462615,1664416.52429419,27040.5342789529,0,0,157602.587995606
fy_19,2018-09-23,0,"1,909,639","827,738","87,659",127,"-164,125",0,"3,632",0,0,0,"243,579","2,455","18,673","713,263",0,0,"109,389",0,"60,610","1,699,388","9,729","81,457","199,312","322,468","25,759",0,"98,304","27,238",0,0,0,"215,064","15,020","71,882",0,0,"23,921","-12,786","143,892",,2018-09-23,6733287.99334361,6540571.56,,2018-09-23,fy_19,1896853.07374685,827738.393126872,87658.7848854131,-164124.656505115,0,713262.707710198,1502861.04096938,1699387.81759069,25758.8904340824,0,0,143891.941385235
fy_19,2018-09-30,0,"1,909,639","840,846","51,437",19,"-163,814",0,"1,936",0,0,0,"243,551","2,472","19,444","751,049",0,0,"61,803",0,"9,818","1,701,917","9,016","79,917","190,579","324,047","2,168",0,0,"29,387",0,0,0,"311,767","85,464","19,353",0,0,"17,908","-8,247","136,305",,2018-09-30,6627778.96825782,6488498.32,,2018-09-30,fy_19,1901391.77593687,840846.202029631,51436.8892610101,-163813.588943832,0,751048.765831932,1406479.71557578,1701916.79121011,2167.57640085051,0,0,136304.840955465
fy_19,2018-10-07,0,"1,909,639","787,006","83,597",3,"-198,695",0,"1,552",0,0,0,"217,206","2,282","17,849","638,452","88,044",0,"84,318",0,"2,189","1,560,867","7,538","71,765","179,449","257,423","9,995",0,"89,371","14,334",0,0,0,"201,136","17,818","8,983",0,0,"17,511","-75,586","77,205",,2018-10-07,6071248.81508626,6144646.53,,2018-10-07,fy_19,1834052.27794166,787006.35744707,83597.2288830624,-198694.655335443,0,638451.682973903,1278769.44951557,1560866.69288435,9994.65179201597,0,0,77205.1289840859
fy_19,2018-10-14,0,"1,909,639","795,270","44,777",0,"-195,378",0,"1,856",0,0,0,"214,470","2,305","25,806","682,941","88,952",0,"43,788",0,"2,212","1,585,405","7,871","70,931","189,103","213,332","3,617",0,0,"9,841",0,0,0,"284,034","58,741","23,094",0,0,"25,995","-54,542","89,022",,2018-10-14,6123082.92335281,6059704.06,,2018-10-14,fy_19,1855097.12076857,795270.461254107,44776.5935076034,-195377.955472636,0,682940.523898678,1262332.70561689,1585404.58455175,3617.31380915561,0,0,89021.5754187008
fy_19,2018-10-21,0,"1,909,639","802,763","16,955",0,"-202,110",0,"1,807",0,114,0,"209,850","2,304","20,727","690,805","88,908",0,"91,203",0,"2,211","1,600,201","9,437","72,272","203,094","176,493","3,312",0,"90,248","21,281",0,0,0,"197,758","12,525","63,863",0,0,"53,602","-30,869","25,219",,2018-10-21,6133611.99864483,5880559.6,,2018-10-21,fy_19,1878769.4487183,802762.88006896,16954.7336007662,-202109.558007552,0,690804.957075416,1317697.97159322,1600200.59119783,3312.26585449572,0,0,25218.7085433974
fy_19,2018-10-28,0,"1,909,639","850,383","55,505",0,"-203,744",0,"2,029",0,226,"16,967","215,234","2,565","32,003","679,236","93,094",0,"49,294",0,"2,315","1,646,648","13,886","75,865","201,861","209,845","14,735",0,"35,997","25,153",0,0,0,"302,204","90,055","62,933",0,0,"83,947","-30,790","68,155",,2018-10-28,6505242.15517842,5986975.73,,2018-10-28,fy_19,1878848.32263574,850383.40276552,55505.4657342852,-203743.977190317,0,679236.210219818,1515474.66890446,1646647.55401073,14735.1428088777,0,0,68155.365289298
fy_19,2018-11-04,0,"1,909,639","882,541","42,563",0,"-231,828",0,"1,755",0,"1,168","45,063","225,275","2,885","44,325","742,759","96,979",0,"100,013",0,"2,412","1,675,995","14,402","80,427","176,619","313,944","12,259",0,"98,291","23,100",0,0,0,"220,455","21,779","74,812",0,0,"60,300","-14,793","164,393",,2018-11-04,6787531.96820109,7076833.90999999,,2018-11-04,fy_19,1894845.94379451,882541.376248143,42562.6700796361,-231827.550201157,0,742758.754673151,1604002.80961269,1675995.23504344,12259.4935493624,0,0,164393.235401323
fy_19,2018-11-11,0,"1,909,639","823,425","50,073",0,"-265,007",0,"1,522",0,630,"44,744","209,087","2,654","31,479","767,919",0,"-100,625","47,505",0,"2,218","1,565,499","12,552","74,221","130,901","353,903","4,345",0,"19,422","30,145",0,0,0,"130,855","94,452","73,697",0,0,"69,336","-27,841","115,202",,2018-11-11,6171952.97735777,6456602.29,,2018-11-11,fy_19,1781173.23473165,823425.117019605,50072.8609379431,-265007.25067895,0,767919.42711197,1329323.71418029,1565498.56108564,4344.94256620563,0,0,115202.370403418
fy_19,2018-11-18,0,"1,909,639","844,999","124,075",0,"-253,711",0,"1,860",0,638,"37,083","223,747","2,877","40,933","794,214",0,"-142,629","127,696",0,"2,405","1,605,921","15,596","81,502","163,004","401,302","8,267",0,"15,372","34,786",0,0,0,"293,117","104,364","72,334",0,0,"56,662","-7,868","274,739",,2018-11-18,6832922.14710962,7162438.61,,2018-11-18,fy_19,1759141.45537272,844998.902141149,124074.825028304,-253711.382848408,0,794214.162109823,1675276.76679069,1605921.18085108,8267.33848577445,0,0,274738.899178491
fy_19,2018-11-25,0,"1,909,639","739,143","66,174",0,"-308,807",0,"1,428",0,792,"27,243","197,580","2,578","24,129","663,016",0,"-266,860","118,462",0,"2,133","1,474,717","11,940","71,195","156,864","354,720","3,673",0,"92,859","22,448","175,358",0,0,"178,329","22,417","45,986",0,0,"57,533","-21,952","179,625",,2018-11-25,6002364.99069836,5494295.22,,2018-11-25,fy_19,1796184.15414781,739142.635734777,66174.2335285566,-308806.575329886,0,663016.417301241,1388638.33478704,1474716.93380511,3673.44042327332,0,0,179625.41630044
fy_19,2018-12-02,0,"1,909,639","634,499","62,780",0,"-263,485",0,946,0,"1,520","46,643","161,772","2,296","18,786","566,522",0,0,"56,596",0,255,"1,325,975","9,088","59,254","123,809","293,340","7,023",0,0,"14,416",0,"-422,836",0,"95,274","79,263","46,027",0,0,"46,564","-89,488","184,110",,2018-12-02,4970586.92317782,4844677.64,,2018-12-02,fy_19,1397315.14082287,634498.982483921,62780.4755909091,-263484.729495821,0,566521.706577537,1055847.23594373,1325974.86753754,7023.31328110839,0,0,184109.930436029
fy_19,2018-12-09,0,"1,909,639","608,956","14,323",0,"-281,501",0,834,0,"2,305","22,738","137,470","2,097","18,166","425,604",0,0,"78,281",0,0,"1,284,731","8,608","53,612","114,395","256,199","10,275",0,"66,681","24,446",0,"-440,879",0,"53,411","17,698","56,968",0,0,"48,027","-49,957","90,848",,2018-12-09,4533973.3616236,4651807.69,,2018-12-09,fy_19,1418802.97690222,608956.025262892,14322.9359428178,-281500.836405423,0,425604.127280658,961934.480520316,1284730.78251514,10274.5681719775,0,0,90848.3014330077
fy_19,2018-12-16,0,"1,909,639","799,129","2,322",0,"-173,141",0,"1,045",0,676,"21,460","200,222","2,986","19,054","660,988",0,0,"58,516",0,0,"1,694,354","13,678","75,003","170,743","343,697","63,178",0,0,"45,498","199,285",0,0,"45,984","107,754","85,607",0,0,"87,280","-27,232",0,,2018-12-16,6407723.45880915,6222013.26,,2018-12-16,fy_19,2081692.35961941,799128.839916056,2322.04178360604,-173141.197866268,0,660987.887565682,1279201.97151514,1694353.76809484,63177.7881806891,0,0,0
fy_19,2018-12-23,0,"1,909,639","909,188","1,882",0,"-148,673",0,642,0,"1,325","8,235","227,210","3,478","28,111","913,644",0,0,"168,210",0,0,"1,803,169","19,635","85,394","190,433","379,358","37,665",0,0,"66,629","214,532",0,0,"297,546","129,264","80,186",0,0,"77,153","-40,007","254,626",,2018-12-23,7618473.90380446,7300229.38,,2018-12-23,fy_19,2084164.44189645,909187.824965866,1882.0094706489,-148673.080570825,0,913643.558848769,1762809.68749956,1803168.53712816,37664.7963620913,0,0,254626.128203745
fy_19,2018-12-30,0,"1,909,639","1,028,398","27,198",0,"-132,573",0,"1,053",0,"1,158",0,"243,820","3,558","42,057","1,054,765",0,"580,466","266,970",0,0,"1,851,124","24,752","97,317","200,357","362,554","1,540",0,"132,783","14,082",0,"-40,056",0,"223,709","116,023","79,465",0,0,"30,967","-57,420","418,825",,2018-12-30,8482529.80221347,8222479.17,,2018-12-30,fy_19,2392628.76830557,1028397.65765198,27197.7384801054,-132573.090752853,0,1054764.85052407,1840624.67642092,1851124.08405833,1540.42619156528,0,0,418824.691333772
fy_19,2019-01-06,0,"1,909,639","919,135","90,269",0,"-216,847",0,161,0,0,0,"193,988","2,686","34,711","868,093",0,0,"181,197",0,0,"1,598,522","18,943","79,034","182,247","227,300","1,423",0,0,"13,053",0,"-74,612",0,"110,484","21,031","41,236",0,0,"13,455","-29,739","304,069",,2019-01-06,6489477.60377506,6252664.09,,2019-01-06,fy_19,1805287.64884223,919134.931448404,90269.4455807017,-216847.213655314,0,868092.599949091,1119526.1313179,1598521.83080069,1422.74245213674,0,0,304069.487039217
fy_19,2019-01-13,0,"1,909,639","943,008","62,674",0,"-208,716",0,0,0,0,0,"190,263","2,816","37,403","890,640",0,0,"106,744",0,0,"1,649,087","20,444","83,828","191,870","186,011",519,0,0,"9,506",0,"-71,138",0,"280,853","4,435","38,231",0,0,"12,941","-31,236","494,607",,2019-01-13,6804426.93033748,6467817.1,,2019-01-13,fy_19,1807264.16375221,943007.60561147,62673.7256593955,-208716.183128276,0,890639.552603035,1165345.16181176,1649086.71674308,519.414929383591,0,0,494606.772355423
fy_19,2019-01-20,0,"1,909,639","945,123","54,612",0,"-204,714",0,0,0,0,0,"183,575","2,827","22,136","850,377",0,0,"55,433",0,"72,095","1,662,968","22,620","83,142","206,918","147,091","2,455","21,965","103,072","12,035",0,"-70,830",0,"189,089","33,428","45,351",0,0,"8,261","-28,829","490,584",,2019-01-20,6820419.93685333,6802296.05999999,,2019-01-20,fy_19,1809979.29998844,945122.851378558,54612.4775978619,-204714.446086081,0,850376.888658522,1187071.37193986,1662968.11790849,2454.58575062087,21964.6117765383,0,490584.177940528
fy_19,2019-01-27,0,"1,909,639","883,246","48,934",0,"-241,818",0,"1,764",0,0,"7,443","206,145","2,782","13,524","742,805",639,0,"107,104",0,"83,311","1,558,494","15,934","75,271","188,300","109,906","8,323",0,0,"33,055",0,"-57,479",0,"232,044","86,968","23,937",0,0,"54,978","-55,947","240,098",,2019-01-27,6279398.19954247,6150267.67,,2019-01-27,fy_19,1796212.01047404,883246.369977444,48934.1029056283,-241817.671460403,0,742804.635097458,1243103.07838999,1558493.97484285,8323.28289506815,0,0,240098.416420391
fy_19,2019-02-03,0,"1,909,639","788,604","74,699",0,"-242,015",0,"1,234",0,195,"9,438","187,535","3,036","12,741","686,283","112,167",0,"85,158",0,"78,106","1,415,578","14,604","69,739","176,458","111,355","35,832",0,0,"56,223",0,"-392,889",0,"238,618","47,560","23,551","89,004",0,"48,523","-80,727","241,972",,2019-02-03,5802220.69999999,5802220.7,,2019-02-03,fy_19,1436022.48838063,788603.579671695,74699.0095391889,-242015.229426594,0,686283.235675492,1276241.25059392,1415578.17625697,35832.2130046623,0,89003.7582746481,241972.218029378
fy_19,2019-02-10,0,"1,909,639","1,019,074","84,762",0,"-157,800",0,"1,751",0,448,"10,622","284,210","4,242","30,080","886,850","281,485",0,"61,378",0,"139,458","1,857,854","29,037","97,173","255,643","319,526","33,190",0,0,"53,961",0,0,0,"454,280","104,281","46,687","115,015",0,"69,792","-41,425","442,201",,2019-02-10,8393416.20508333,7490878.67,,2019-02-10,fy_19,1868214.16257674,1019073.74136932,84761.880346977,-157800.265476347,0,886850.177512536,2244055.56258836,1857854.32996857,33190.122557091,0,115015.193030998,442201.300609084
fy_19,2019-02-17,0,"1,909,639","1,021,801","82,313",0,"-150,518",0,"1,384",0,462,"10,909","311,355","4,437","20,806","938,287","294,437",0,"76,554",0,"148,934","1,921,497","31,300","101,934","270,902","430,657","73,834",0,"127,611","52,010",0,0,0,"415,722","80,166","71,953","117,696",0,"66,692","-29,306","470,525",,2019-02-17,8873994.19518767,8901185.14999999,,2019-02-17,fy_19,1880332.85688636,1021801.31909574,82313.0028324621,-150518.060005011,0,938287.289160319,2518225.44647691,1921497.03664841,73833.7031928438,0,117696.148104065,470525.452795565
fy_19,2019-02-24,0,"1,909,639","910,733","30,015",0,"-171,107",0,"1,305",0,"4,981","6,626","300,381","4,099","21,455","885,553","272,254",0,"35,902",0,"140,866","1,837,715","27,508","95,645","259,654","447,556","17,904",0,0,"56,734",0,"31,718",0,"272,968","155,027","29,818","112,937",0,"55,215","-29,441","400,607",,2019-02-24,8124265.06329598,8813872.82,,2019-02-24,fy_19,1911916.23210648,910733.414225405,30015.2868716468,-171106.747660406,0,885552.970057648,2187991.6244024,1837715.06320879,17903.7081944012,0,112936.656526722,400606.85536289
fy_19,2019-03-03,0,"1,909,639","955,616","49,997",0,"-107,993",0,"1,516",0,"16,992","20,507","346,953","4,743","43,459","965,698","285,208",0,"73,159",0,"93,533","2,038,310","29,967","110,408","305,743","532,774","58,398",0,0,"48,786","238,310","124,948",0,"483,343","184,462","44,796","125,241",0,"93,949","-23,652","460,448",,2019-03-03,9515257.92391921,8679133.97,,2019-03-03,fy_19,2249244.19712164,955615.925396129,49997.282978249,-107993.427873514,0,965698.23491669,2720298.50267984,2038310.19866364,58398.3976799657,0,125240.961455484,460447.650901084
fy_19,2019-03-10,0,"1,909,639","954,533","78,950",0,"-116,076",0,"1,973",0,"15,487","24,933","351,364","4,807","29,363","932,175","310,966","367,607","86,322",0,"16,510","2,032,650","31,569","111,689","293,189","553,019","4,431",0,"134,711","88,200",0,"124,807",0,"475,962","103,150","75,928","125,099",0,"158,996","-26,132","445,383",,2019-03-10,9701205.97082149,10590768.56,,2019-03-10,fy_19,2375920.32377675,954533.440139863,78950.4087835571,-116075.701377105,0,932174.684275119,2868139.43430346,2032649.54155396,4431.40388862676,0,125099.093273244,445383.342204012
fy_19,2019-03-17,0,"1,909,639","870,983","41,062",0,"-148,453",0,"2,222",0,"11,418","19,806","300,020","4,092","26,415","835,877","296,309",0,"37,181",0,"3,236","1,846,062","20,813","90,696","235,923","481,203","1,523",0,"98,963","71,377",0,"113,882",0,"294,121","110,196","55,729","114,149",0,"130,170","-20,150","315,934",,2019-03-17,8170397.56053123,9072779.17999999,,2019-03-17,fy_19,2003370.94055985,870982.807338128,41061.6544238626,-148453.179860562,0,835877.490495745,2289890.41536005,1846062.18841013,1522.5953621827,0,114149.127597477,315933.520844369
fy_19,2019-03-24,0,"1,909,639","917,935","72,255",0,"-138,340",0,"2,219",0,"12,384","31,966","289,281","4,073","20,718","851,950","294,887",0,"60,546",0,"2,765","1,886,444","21,683","84,022","214,208","482,858","2,509",0,0,"57,459",0,"116,072",0,"193,515","25,530","17,171","116,344",0,"111,237","-8,434","285,744",,2019-03-24,7938639.03436619,7867193.15,,2019-03-24,fy_19,2017276.58521911,917934.655371155,72254.627627719,-138339.854095113,0,851949.61628209,1926522.67475969,1886444.18713545,2509.03624403381,0,116343.969734045,285743.536088014
fy_19,2019-03-31,0,"1,909,639","890,372","150,477",0,"-168,398",0,"1,433",0,"1,544","8,247","262,351","3,661","25,046","781,616","265,276",0,"29,246",0,"28,930","1,769,883","23,097","80,846","207,335","475,316","12,131",0,"17,136","38,716",0,"-41,694",0,"414,625","93,705","35,789","108,642",0,"107,311","-33,921","277,891",,2019-03-31,7776249.34189674,7584840.19,,2019-03-31,fy_19,1834023.81704971,890371.683434492,150477.206717213,-168398.249344825,0,781616.136838347,2119610.70506504,1769883.39865485,12131.1361239703,0,108642.255760087,277891.25159786
fy_19,2019-04-07,0,"1,909,639","847,367","122,078",0,"-226,021",0,"1,172",0,603,"19,608","233,772","3,357","31,526","726,763","188,624",0,"87,913",0,"30,761","1,640,764","22,372","79,706","178,921","430,051","8,363",0,"102,886","21,970",0,"-73,375",0,"338,066","19,545","57,474","102,844",0,"60,857","-31,450","229,867",,2019-04-07,7166023.60002938,6914669.57,,2019-04-07,fy_19,1804814.38725032,847366.868271869,122078.282557478,-226020.970685597,0,726762.988065244,1909184.37666445,1640763.72279232,8363.38121785439,0,102843.95509632,229866.608799128
fy_19,2019-04-14,0,"1,909,639","921,884","72,736",0,"-162,554",0,"1,346",0,677,"7,220","251,013","3,628","37,232","748,149","3,095","328,786","48,600",0,"4,785","1,800,234","22,965","91,028","184,076","453,901","6,572",0,"54,236","38,127",0,"-62,082",0,"328,996","4,244","31,758","111,888",0,"53,317","-17,087","227,962",,2019-04-14,7506370.34327528,7728097.66999999,,2019-04-14,fy_19,2159255.53095814,921883.764657662,72735.9468271264,-162553.817484488,0,748148.936573515,1620244.60557669,1800233.71888535,6572.16807611189,0,111887.986238872,227961.502966303
fy_19,2019-04-21,0,"1,909,639","776,477","60,645",0,"-234,908",0,"2,436",0,506,"7,472","192,037","2,820","22,377","623,487","2,348","-157,309","18,984",0,0,"1,511,139","17,294","69,946","143,276","345,503","14,453",0,0,"16,658",0,"-85,361",0,"175,635","61,839","13,776","93,244",0,"35,285","-33,372","151,563",,2019-04-21,5757890.72796637,5590541.87,,2019-04-21,fy_19,1633596.97775196,776476.904008588,60645.0536142607,-234907.765007387,0,623487.182424148,1128192.75348085,1511138.94634471,14453.0194745708,0,93244.4355353722,151563.2203393
fy_19,2019-04-28,0,"1,909,639","908,918","110,390",0,"-175,942",0,"2,032",0,811,"5,058","224,066","3,349","37,382","676,311","2,740",0,"72,456",0,0,"1,749,094","21,091","72,305","104,473","393,968","4,789",0,"29,091","30,825",0,"-29,589",0,"130,706","15,661","6,404","107,160",0,"42,868","-29,719","219,304",,2019-04-28,6645642.71448575,7111769.52,,2019-04-28,fy_19,1850331.04019303,908918.102808049,110390.169039015,-175941.709281267,0,676310.818946576,1195286.40257325,1749094.25729991,4789.41848824485,0,107159.986998308,219304.227420624
fy_19,2019-05-05,0,"1,909,639","919,441","77,671",0,"-172,711",0,"1,641",0,"1,172","1,514","239,160","3,530","30,083","732,765","138,691",0,"38,296",0,0,"1,766,166","24,305","77,527","105,911","404,813","3,991",0,0,"14,571",0,0,0,"345,400","102,654","20,329","107,558",0,"37,515","-66,235","250,189",,2019-05-05,7115586.31124066,7359147.97,,2019-05-05,fy_19,1843403.57232595,919441.441324612,77671.320893541,-172711.297318824,0,732764.879780481,1587112.49307982,1766165.82961084,3990.92075595313,0,107557.830988879,250189.319799407
fy_19,2019-05-12,0,"1,909,639","949,629","79,409",0,"-171,841",0,"1,465",0,"1,150",135,"256,914","3,652","36,699","770,897","16,739",0,"84,543",0,"38,433","1,822,378","23,694","83,492","115,133","416,216","7,615",0,"107,115","26,349",0,0,0,"317,959","25,002","44,152","111,089",0,"43,247","-13,473","244,669",,2019-05-12,7352100.65824871,7166380.60999999,,2019-05-12,fy_19,1896165.46251052,949628.570314071,79408.6297833571,-171841.400138469,0,770896.796218709,1642091.35907391,1822378.31959078,7614.90984163228,0,111089.172923184,244668.838131007
fy_19,2019-05-19,0,"1,909,639","959,968","87,511",0,"-165,683",0,"1,358",0,"1,126","14,893","267,458","3,700","21,839","752,848","16,959",0,"43,633",0,"45,023","1,837,662","24,828","85,331","122,798","397,232","7,259",0,"16,995","30,702",0,0,0,"416,108","91,605","58,119","112,591",0,"46,968","-2,214","276,437",,2019-05-19,7482691.93432405,7678625.82,,2019-05-19,fy_19,1907424.89161927,959968.025062832,87510.6515379431,-165682.839431645,0,752847.744924202,1706675.10170694,1837662.13384625,7258.94762620307,0,112590.707553279,276436.569878771
fy_19,2019-05-26,0,"1,909,639","977,142","148,485",0,"-147,928",0,"1,984",0,824,"13,952","285,287","3,952","24,901","869,765","18,971",0,"99,173",0,"55,605","1,905,219","29,286","83,833","144,658","365,342","53,422",0,"122,989","32,975",0,0,0,"331,895","21,780","76,167","116,724",0,"32,395","-11,299","311,385",,2019-05-26,7878523.26537835,8751062.6,,2019-05-26,fy_19,1898339.92108996,977141.662848081,148484.868154165,-147928.036559607,0,869765.391211886,1745969.97347733,1905218.64088171,53421.9931973866,0,116723.682413309,311385.168664129
fy_19,2019-06-02,0,"1,909,639","976,839","146,288",0,"-152,370",0,"1,415",0,"1,151",71,"294,287","4,208","25,807","777,852","62,605",0,"51,915",0,"8,593","1,918,249","28,345","90,718","178,359","288,615","26,048",0,"9,334","35,801","225,593",0,0,"439,866","123,916","62,410","118,558",0,"56,201","-19,728","369,776",,2019-06-02,8060362.96711444,8155780.62,,2019-06-02,fy_19,2115503.35350063,976839.449100481,146288.338829972,-152369.620848727,0,777852.137261899,1763618.73862445,1918248.78326124,26048.2012296587,0,118557.895288599,369775.690866239
fy_19,2019-06-09,0,"1,909,639","994,326","99,299",0,"-140,916",0,"1,270",0,"1,179",99,"307,763","4,350","13,534","868,222","147,637",0,"106,202",0,0,"1,951,729","29,326","87,475","221,131","296,171","79,109",0,"122,495","24,215","229,631",0,0,"397,991","30,873","97,103","120,680",0,"63,363","-12,321","342,848",,2019-06-09,8394423.27969787,8024449.48999999,,2019-06-09,fy_19,2126949.59384674,994325.910586433,99298.768121902,-140916.2315969,0,868222.007558437,1952176.87355921,1951728.71589798,79109.4150897547,0,120680.207273161,342848.019361157
fy_19,2019-06-16,0,"1,909,639","1,008,366","116,188",0,"-134,316",0,974,0,"6,967",103,"314,244","4,376","45,496","880,481","166,248",0,"54,671",0,0,"1,978,533","30,504","80,310","233,851","324,529","29,207",0,0,"39,444","232,874",0,0,"282,346","6,264","118,616","122,384",0,"68,014","-5,556","422,652",,2019-06-16,8337411.45181978,8133665.38,,2019-06-16,fy_19,2136956.2227776,1008365.78468966,116188.172342244,-134315.843846746,0,880481.295534331,1776960.09746062,1978532.57405726,29206.6046251239,0,122384.210858734,422652.333320952
fy_19,2019-06-23,0,"1,909,639","1,010,427","117,888",0,"-155,048",0,"1,418",0,"2,933","104,459","332,158","4,592","34,685","837,589","231,579",0,"28,830",0,0,"1,944,356","32,776","85,902","271,154","403,512","19,864",0,"90,750","44,554","229,669",0,0,"558,252","91,951","207,660","120,700",0,"143,074","-17,407","535,979",,2019-06-23,9223894.34968745,8791724.28,,2019-06-23,fy_19,2121900.43283431,1010426.70403259,117888.340312891,-155047.745252829,0,837588.627904236,2670239.76563644,1944355.704411,19864.0999940804,0,120699.720611302,535978.699203415
fy_19,2019-06-30,0,"1,909,639","1,080,016","92,095",0,"-117,063",0,"1,867",0,"1,188","201,649","361,511","6,045","41,642","895,138","222,547",0,"63,895",0,0,"2,033,835","35,870","93,001","301,757","530,138","18,706",0,"144,717","190,003","241,030",0,0,"669,228","137,050","218,147","126,671",0,"166,651","-1,276","631,033",,2019-06-30,10296729.048716,10762094.84,,2019-06-30,fy_19,2149392.40109159,1080016.40698566,92094.7531800061,-117062.5573829,0,895138.353663242,3386904.97295171,2033835.22577704,18706.1650729211,0,126670.689290622,631032.638086063
fy_19,2019-07-07,0,"1,909,639","1,077,986","129,185",0,"-109,952",0,"1,965",0,"1,153","13,288","341,290","5,917","19,259","859,119","197,180",0,"100,769",0,0,"2,008,311","32,328","92,722","286,582","540,014","3,842",0,"143,981","124,534","239,953",0,0,"542,755","42,270","155,169","126,105",0,"119,520","-1,384","528,343",,2019-07-07,9531844.12543294,8773380.55,,2019-07-07,fy_19,2148208.14152837,1077985.70038608,129185.324351398,-109951.905924937,0,859119.489992185,2760697.78533721,2008310.55775532,3841.57338291637,0,126104.609341422,528342.849282992
fy_19,2019-07-14,0,"1,909,639","1,092,187","121,725",0,"-108,279",0,336,0,"1,170",176,"340,950","6,013","25,704","935,589","198,501",0,"52,083",0,0,"2,034,946","31,845","96,027","301,174","549,210","17,914",0,"35,800","71,026","243,114",0,0,"573,939","136,052","133,718","127,766",0,"121,071",0,"571,913",,2019-07-14,9621309.11120002,9414102.01,,2019-07-14,fy_19,2152752.82553614,1092186.75882079,121724.862524797,-108278.680086947,0,935588.557677632,2674795.67016674,2034946.37598214,17913.9634824737,0,127765.873424519,571912.903671738
fy_19,2019-07-21,0,"1,909,639","1,105,735","165,583",0,"-98,277",0,"5,397",0,"1,171",9,"334,944","6,031","28,893","897,622","178,171",0,"76,762",0,0,"2,068,809","25,317","98,286","230,778","543,697","44,308",0,"140,837","55,770","246,130",0,0,"456,276","32,327","129,071","129,351",0,"166,561",-163,"554,757",,2019-07-21,9533791.17435114,10364852.7,,2019-07-21,fy_19,2155605.9546803,1105735.2643813,165582.888430273,-98276.9543553329,0,897622.29088756,2510298.07820448,2068808.55644297,44307.7810126811,0,129350.800757281,554756.513909624
fy_19,2019-07-28,0,"1,909,639","1,135,694","127,405",0,"-88,252",0,"5,398",0,"1,000","13,478","343,971","5,317","42,776","938,843","186,916",0,"40,625",0,0,"2,119,071","13,558","107,795","134,363","574,823","75,674",0,"11,243","62,234","252,798",0,0,"583,066","145,145","220,330","132,855",0,"171,732","-1,761","767,900",,2019-07-28,10033636.6611851,10391706.11,,2019-07-28,fy_19,2160676.41080224,1135693.52454645,127404.671269712,-88251.6030000795,0,938843.367394284,2663769.13397188,2119071.4019092,75674.1967691465,0,132855.369225418,767900.188296813
fy_19,2019-08-04,0,"1,909,639","1,131,076","77,313",0,"-74,283",0,"5,225",0,654,"84,770","343,767","5,068","24,851","968,902","124,563",0,"108,485",0,0,"2,087,144","29,810","100,907","139,269","560,560","54,943",0,"57,726","60,006","251,771",0,0,"436,936","35,043","150,808","132,315",0,"120,427",0,"622,538",,2019-08-04,9550232.75401346,10340294.07,,2019-08-04,fy_19,2161409.41304016,1131076.35157213,77313.3658018213,-74282.8506417024,0,968902.144110581,2388874.12614298,2087143.9076287,54943.0827657561,0,132315.244440849,622537.969152181
fy_19,2019-08-11,0,"1,909,639","1,120,674","89,876","651,630","-78,123",0,"9,271",0,665,"92,492","370,783","5,227","23,407","976,878","38,381",0,"58,983",0,0,"2,058,621","29,735","101,825","161,090","594,306","38,486",0,0,"107,681","249,455",0,0,"567,211","133,783","155,476","131,098",0,"113,765","-4,982","610,721",,2019-08-11,10318054.4505016,10516845.65,,2019-08-11,fy_19,2154111.84844479,1120673.50497734,89875.9882764523,-78123.1286361568,0,976877.727648237,3215712.75396703,2058620.80002086,38485.6018953961,0,131098.30166934,610721.052238272
fy_19,2019-08-18,0,"1,909,639","1,097,995","86,442","458,772","-93,670",0,"8,349",0,633,"51,151","374,083","5,144","7,255","957,109",0,0,"115,301",0,"86,426","2,037,648","23,627","102,679","156,795","603,105","8,718",0,"141,223","92,861","244,407",0,0,"429,403","30,515","177,571","128,445",0,"149,277","-12,979","658,677",,2019-08-18,10036601.5765998,9739026.99999999,,2019-08-18,fy_19,2141066.3010399,1097995.13719598,86442.135974447,-93669.5296685179,0,957109.264945556,3014169.44807952,2037648.26986068,8718.15482087705,0,128445.347452465,658677.046898876
fy_19,2019-08-25,0,"1,909,639","1,034,010","85,191","109,106","-99,777",0,"5,279",0,573,"84,545","363,882","4,945","71,530","887,396",0,0,"57,982",0,"95,573","2,045,878","14,210","94,146","142,025","592,100","44,864",0,"31,691","94,344","243,326",0,0,"523,609","5,903","156,640","127,877",0,"142,019","-1,461","613,007",,2019-08-25,9480052.94573567,8763411.94,,2019-08-25,fy_19,2151503.89520112,1034009.66458904,85191.1481534974,-99777.2295077918,0,887396.099812215,2590102.68812503,2045877.91535418,44864.1135385969,0,127877.167562427,613007.482907358
fy_20,2019-09-01,0,"1,909,639","1,029,995","89,329","17,832","-77,479",0,"4,616",0,0,"61,362","388,653","5,758","40,674","971,165",0,"396,668","142,740",0,"102,201","2,157,315","18,246","108,942","149,605","648,182","7,334",0,"146,012","165,135","256,858",0,0,"425,527","45,042","106,988","134,989",0,"59,534",0,"539,185",,2019-09-01,10052047.7966814,9521195.14000002,,2019-09-01,fy_20,2563165.33263218,1029995.28313347,89328.674105355,-77479.0907034225,0,971164.933815285,2637049.39075351,2157314.62772369,7334.29978035573,0,134988.959608198,539185.385832783
fy_20,2019-09-08,0,"1,909,639","885,649","81,823","2,079","-132,412",0,"4,140",0,0,"53,825","291,886","4,476","12,013","835,063",0,0,"149,281",0,"79,445","1,853,633","18,671","88,531","99,299","482,056","43,180",0,0,"31,525",0,0,0,"226,778","7,099","114,014","116,071",0,"38,916","-2,752","327,543",,2019-09-08,7621469.91113596,7262048.16000001,,2019-09-08,fy_20,1906886.60600383,885648.628288954,81822.6490726151,-132412.374093032,0,835062.942093481,1704033.65644495,1853633.38726298,43180.0681263107,0,116071.198450005,327543.149485865
fy_20,2019-09-15,0,"1,909,639","833,058","74,018",285,"-154,356",0,"3,864",0,0,"57,124","258,501","4,094","6,275","743,808",0,0,"72,414",0,"10,944","1,759,882","20,390","85,297","127,231","422,640","40,169",0,0,"35,957",0,0,0,"132,136","1,299","54,731","109,179",0,"80,616","-41,270","218,264",,2019-09-15,6866186.77164042,7083991.49,,2019-09-15,fy_20,1868368.28998643,833057.937014964,74017.7676018076,-154356.402124993,0,743807.976347131,1373797.12679826,1759882.41271245,40168.9990688814,0,109178.775915259,218263.888320232
fy_20,2019-09-22,0,"1,909,639","858,505","78,273",45,"-141,590",0,"4,195",0,0,"74,533","262,091","4,291","10,483","791,945",0,0,"38,520",0,0,"1,848,252","19,709","86,874","119,300","427,094","53,043","23,499",0,"40,031",0,0,0,"84,997",272,"108,236","114,122",0,"92,256","-5,228","253,307",,2019-09-22,7156693.05139397,6980465.37000001,,2019-09-22,fy_20,1904410.39341747,858504.729363089,78272.9738435637,-141589.749364202,0,791944.510859095,1372926.4224938,1848251.98653634,53043.4257101077,23499.3533653821,114122.228998644,253306.776170673
fy_20,2019-09-29,0,"1,909,639","861,705","107,635",7,"-130,069",0,"4,592",0,0,"10,593","256,992","3,507","25,488","811,062",0,0,"19,628",0,0,"1,896,875","17,377","85,333","115,138","419,576","43,314","24,067",0,"39,507",0,0,0,"52,202","40,520","52,515","116,877",0,"60,015",-385,"325,366",,2019-09-29,7169074.09153949,7007712.82,,2019-09-29,fy_20,1909253.77569038,861704.967258668,107634.716330081,-130068.821245641,0,811062.120320635,1202988.88139644,1896874.54718438,43313.8014802613,24066.6298021501,116877.149545425,325366.323776707
fy_20,2019-10-06,0,"1,909,639","847,063","133,213",1,"-133,728",0,"2,466",0,0,"4,081","256,921","3,208","26,416","831,390",0,0,"95,298",0,0,"1,869,936","18,387","72,402","125,286","428,951","14,314",0,"25,254","15,255",0,0,0,"311,240","38,418","40,063","115,561",0,"74,301","-9,856","331,348",,2019-10-06,7446825.71391025,6867647.18999999,,2019-10-06,fy_20,1899782.26348773,847063.483189002,133212.769636754,-133727.560163506,0,831389.74587435,1537947.57123333,1869935.51408799,14313.7421757545,0,115560.635394449,331347.5489944
fy_20,2019-10-13,0,"1,909,639","831,090","99,861",0,"-140,056",0,"5,057",0,0,"38,423","259,320","3,143","16,634","815,712",0,0,"116,140",0,0,"1,847,702","18,248","79,408","142,048","436,577","42,042",0,"110,777","21,057",0,0,0,"206,342","7,656","66,205","113,382",0,"76,658","-7,254","221,676",,2019-10-13,7337488.12084209,7218782.53,,2019-10-13,fy_20,1902385.16192189,831090.408810411,99860.7103665842,-140056.028751268,0,815712.231128402,1603693.66607943,1847702.45799577,42041.8390069661,0,113381.508728,221676.165555907
fy_20,2019-10-20,0,"1,909,639","809,506","93,151",0,"-154,611",0,"5,860",0,0,"37,090","257,018","3,006","19,080","789,925",0,0,"57,642",0,0,"1,790,978","17,139","75,313","160,548","416,124","10,827",0,"23,663","22,668",0,0,0,"124,830","1,465","64,276","109,797",0,"72,076","-40,041","249,259",,2019-10-20,6926226.85845943,6829401.63,,2019-10-20,fy_20,1869597.27291712,809505.979096267,93150.5107618933,-154611.440227572,0,789924.926348279,1357798.79716563,1790977.67423805,10827.3255069783,0,109797.152124747,249258.660528036
fy_20,2019-10-27,"93,055","1,909,639","831,256","106,243",0,"-162,120",0,"11,966",0,0,"22,362","259,304","2,324","20,414","780,866",0,0,"29,108",0,0,"1,803,247","16,900","77,610","156,880","421,045","5,411","22,753",0,"20,945",0,0,0,"76,460",293,"57,199","110,500",0,"74,604","-15,408","192,304",,2019-10-27,6925159.14780234,7318137.13,,2019-10-27,fy_20,1894231.13761126,831256.209890674,106242.690786896,-162120.207014936,0,780865.954410695,1340468.63700592,1803246.8500927,5410.60230554234,22753.4954034336,110500.045366164,192303.731943985
fy_20,2019-11-03,"109,090","1,909,639","892,457","149,750",0,"-153,751",0,"10,591",0,0,"33,150","288,945",686,"32,248","947,829",0,0,"16,467",0,0,"1,912,219","21,611","90,395","173,806","453,511","43,783","48,379",0,"24,033",0,0,0,"350,379","39,016","65,429","116,964",0,"103,171","-12,540","322,718",,2019-11-03,7989972.19746887,7462228.25999999,,2019-11-03,fy_20,1897098.20713043,892457.406963855,149750.078946339,-153750.737986643,0,947829.109478718,1812526.67075644,1912218.5934868,43782.5533564831,48378.6858949041,116963.542293301,322718.087148245
fy_20,2019-11-10,"112,101","1,909,639","894,122","112,597",0,"-152,862",0,"8,946",0,0,"25,667","293,519",694,"26,794","934,186",0,0,"76,844",0,0,"1,909,106","21,020","86,047","128,696","469,644","52,053","73,021","121,464","33,546",0,0,0,"243,656","45,763","80,383","117,182",0,"109,539","-17,412","372,757",,2019-11-10,8088707.55900391,7389739.13,,2019-11-10,fy_20,1892226.33648993,894121.637759104,112596.571168933,-152862.18090692,0,934185.673087315,1884321.54076862,1909105.89325177,52053.0961346334,73020.5415863888,117181.652790773,372756.79687337
fy_20,2019-11-17,"101,482","1,909,639","828,749","103,960",0,"-184,676",0,"8,055",0,0,"90,214","270,840",626,"20,322","823,385",0,"-81,684","94,809",0,0,"1,765,795","11,863","54,036","60,666","428,927","27,303","44,925",0,"43,025",0,0,0,"140,503","8,447","58,845","108,614",0,"109,190","-9,708","362,355",,2019-11-17,7200508.62808497,7577064.28,,2019-11-17,fy_20,1818247.17654533,828748.585748229,103960.365315666,-184675.924397004,0,823385.047164376,1501851.19871163,1765795.09485064,27303.3833871998,44925.1327883075,108614.001635601,362354.566335004
fy_20,2019-11-24,"114,968","1,909,639","890,607","70,276",0,"-175,589",0,975,0,0,"5,811","303,249",708,"33,147","973,020",0,"-108,506","54,934",0,0,"1,861,114","24,524","86,200","126,902","489,375","54,763","95,509",0,"29,219","217,783",0,0,"367,561","1,911","75,032","114,453",0,"50,663","-19,698","552,334",,2019-11-24,8200886.04968156,8373285.21,,2019-11-24,fy_20,1999217.45483027,890607.118446153,70275.5806330387,-175588.990672103,0,973020.413862314,1765180.39927284,1861114.35963503,54762.7443023033,95509.3560363858,114453.323831957,552334.289503379
fy_20,2019-12-01,"90,963","1,909,639","779,258","79,405",0,"-249,501",0,0,0,0,0,"244,065","51,125","27,112","744,636",0,"-243,541","22,075",0,0,"1,580,313","19,701","71,372","99,229","361,056","8,731","81,968","99,175","18,118",0,0,0,"203,075",306,"26,138","98,226",0,"8,582","-30,822","401,278",,2019-12-01,6501680.52896373,6161649.33,,2019-12-01,fy_20,1635275.49154422,779258.123708826,79404.5201083631,-249500.604433326,0,744635.815172371,1342091.06478563,1580313.35606211,8730.92811203284,81967.9864961967,98226.0680171335,401277.779390169
fy_20,2019-12-08,"89,823","1,909,639","842,287","58,349",0,"-195,906",0,0,0,0,0,"243,995","51,232","16,754","630,709",0,0,"11,070",0,0,"1,698,554","18,748","61,666","89,388","309,061","7,284","21,862",0,954,0,0,0,"130,267",61,"10,931","106,171",0,"5,142","-37,505","265,122",,2019-12-08,6345656.80160003,6970823.6,,2019-12-08,fy_20,1872133.85704121,842286.567343446,58348.7655847524,-195905.572053293,0,630708.894043665,1039092.00446445,1698554.06528559,7283.54159361216,21862.05397403,106170.850372437,265121.773950131
fy_20,2019-12-15,"97,664","1,909,639","916,307","102,615",0,"-146,638",0,0,0,0,0,"265,929","56,902","10,389","714,622",0,0,"6,148",0,0,"1,868,619","19,731","65,823","89,848","283,594","63,489","23,783",0,1,"219,777",0,0,"88,987",14,"9,539","115,501",0,"5,874","-23,078","190,137",,2019-12-15,6955216.564376,7385341.08999999,,2019-12-15,fy_20,2106337.24696421,916307.490138477,102615.282193572,-146637.901349802,0,714622.326142543,1000443.63595861,1868618.60017596,63488.6101972329,23783.3115033485,115501.242929078,190136.719522776
fy_20,2019-12-22,"114,090","1,909,639","1,018,149","55,235",0,"-101,852",0,"2,232",0,0,0,"293,236","68,562","22,972","1,023,129",0,0,"3,703",0,0,"2,067,043","28,153","91,124","88,888","281,724","76,967","189,893",0,1,"244,204",0,0,"413,590","41,453","43,038","128,338",0,"96,035","-10,911","404,293",,2019-12-22,8592927.90112594,8467748.65999999,,2019-12-22,fy_20,2142931.66290623,1018148.71055151,55234.6931775615,-101851.8699934,0,1023128.58864597,1588802.1156147,2067043.06029543,76966.6868322867,189892.824641583,128338.404761448,404293.023692627
fy_20,2019-12-29,"132,733","1,909,639","1,099,788","104,632",0,"-69,690",0,"7,188",0,0,0,"348,788","42,511","31,731","1,309,939",0,"679,320","193,592",0,0,"2,226,394","37,183","101,869","151,519","315,408","7,988","205,119","169,564","4,074",0,"-17,132",0,"615,572","79,334","102,439","138,629",0,"88,707","-18,653","729,640",,2019-12-29,10727824.3675913,10962014.68,,2019-12-29,fy_20,2553173.39555168,1099788.01690302,104631.694443101,-69690.4530063931,0,1309939.21817243,2422211.36710354,2226394.23702313,7988.10430441626,205119.203975176,138629.100250624,729640.482870621
fy_20,2020-01-05,"88,988","1,909,639","903,638","171,565",0,"-147,441",0,699,0,0,0,"269,959",696,"17,372","938,079",0,0,"176,869",0,0,"1,802,117","23,116","75,936","114,539","212,201","5,811","95,051",0,"11,573",0,"-61,502",0,"335,572","11,800","21,931","113,904",0,"14,823","-30,903","408,914",,2020-01-05,7484945.60132331,7283067.30999999,,2020-01-05,fy_20,1817233.23009609,903637.515373516,171564.967023771,-147441.308733785,0,938079.425234463,1376074.59456588,1802117.29072031,5810.75759291544,95051.1074623969,113904.18315495,408913.838832795
fy_20,2020-01-12,"77,010","1,909,639","869,033","119,973",0,"-172,420",0,0,0,0,0,"240,917",663,"18,413","902,155",0,0,"91,507",0,0,"1,743,613","22,083","78,243","116,769","198,948","4,243","91,411",0,"9,048",0,"-67,126",0,"387,723","2,249","33,929","109,542",0,"5,894","-54,154","383,123",,2020-01-12,7122429.16433841,7595404.33000001,,2020-01-12,fy_20,1788358.48999909,869032.507574661,119972.56808774,-172420.199763759,0,902155.456525876,1283397.03509579,1743613.28536146,4243.44201297166,91411.1033024693,109542.196097817,383123.280044296
fy_20,2020-01-19,"71,164","1,909,639","893,549","145,902",0,"-151,358",0,"7,681",0,0,"2,612","255,068",701,"13,070","920,295",0,0,"49,527",0,0,"1,823,458","24,119","82,509","123,020","213,736","55,903","94,769","116,838","9,655",0,"-61,939",0,"301,417","29,084","72,115","113,566",0,"108,978","-32,628","385,140",,2020-01-19,7577591.60374267,7906804.39,,2020-01-19,fy_20,1815072.42885285,893549.386278129,145901.967394939,-151358.230315361,0,920295.385995208,1481294.78868582,1823458.07730613,55903.2655062785,94768.7652330981,113565.839269676,385139.929535901
fy_20,2020-01-26,"55,589","1,909,639","812,116","157,997",0,"-169,918",0,"7,718",0,238,"12,316","260,363",663,"20,046","787,902",0,0,"142,057",0,0,"1,756,638","22,274","82,203","112,578","270,233","67,176","68,244",0,"16,355",0,"-57,795",0,"188,977","46,649","45,342","109,516",0,"123,649","-48,664","333,251",,2020-01-26,7133353.70350873,7301795,,2020-01-26,fy_20,1803179.99116794,812116.406845229,157997.215697359,-169918.249432462,0,787902.026519495,1407250.30668526,1756638.45727198,67176.4614988306,68243.7534629794,109515.975227012,333251.358565114
fy_20,2020-02-02,"43,647","1,909,639","774,651","144,532",0,"-164,251",0,"6,853",0,0,"153,767","258,007",684,"24,836","806,588",0,0,"185,864",0,0,"1,760,355","22,802","83,623","111,535","328,549","7,451",0,0,"10,629",0,0,0,"118,007","9,548","79,676","110,149",0,"119,784","-54,221","339,973",,2020-02-02,7192679.13568367,6822233.43,,2020-02-02,fy_20,1855417.86234099,774651.074540996,144532.376671155,-164250.911380334,0,806588.477163895,1557811.69277245,1760355.0910129,7450.86292757402,0,110149.360456914,339973.249177122
fy_20,2020-02-09,"33,889","1,909,639","785,566","162,221",0,"-173,658",0,"5,172",0,111,"40,665","269,758",704,"27,440","775,145",0,0,"106,264",0,0,"1,767,865","23,642","86,615","129,162","377,833","16,057","93,213",0,"20,306",0,0,0,"361,040","1,967","77,558","111,701",0,"101,453","-61,576","412,204",,2020-02-09,7461955.11092392,7154030.89,,2020-02-09,fy_20,1848062.56935815,785565.717993839,162220.532384856,-173657.717643469,0,775144.879168233,1663578.99697245,1767865.02180966,16056.9459765455,93212.8704898227,111701.337902577,412203.956511256
fy_20,2020-02-16,"28,056","1,909,639","853,316","167,068",0,"-128,548",0,"6,945",0,258,"19,583","315,491",798,"24,830","999,276",0,0,"62,056",0,0,"1,929,200","27,865","97,604","159,677","466,459","73,994","101,252","128,151","45,309",0,0,0,"369,174",446,"138,360","121,335",0,"111,308","-29,760","523,642",,2020-02-16,8522786.75067303,8155084.65,,2020-02-16,fy_20,1879878.34932184,853315.674907232,167068.097823174,-128547.912891259,0,999276.127986449,2002373.04341119,1929200.35823395,73994.3311900425,101251.877048799,121334.855069536,523641.948572079
fy_20,2020-02-23,"18,729","1,909,639","858,856","193,526",0,"-149,048",0,"6,620",0,"5,717","40,251","300,875",744,"8,654","964,971",0,0,"29,133",0,0,"1,851,235","24,400","92,517","150,155","455,000","53,718",0,0,"54,040",0,0,0,"236,333","19,133","107,698","117,169",0,"80,558","-26,020","413,875",,2020-02-23,7818478.50945534,8226302.02,,2020-02-23,fy_20,1883618.9957753,858855.72712681,193525.776659607,-149047.756910456,0,964970.671934993,1630558.13782958,1851235.2451828,53717.662262398,0,117169.392269494,413874.657324813
fy_20,2020-03-01,"106,901","1,909,639","890,516","179,907",0,"-166,123",0,"5,741",0,"30,097","38,624","306,394",710,"21,684","899,911","3,131",0,"114,395",0,0,"1,843,612","24,679","96,655","150,437","468,394","66,909",0,0,"37,616",0,"116,436",0,"247,584","42,843","68,762","116,709",0,"92,787","-35,974","396,234",,2020-03-01,8075207.6316779,8134081.12,,2020-03-01,fy_20,1990100.32859262,890515.771785988,179907.162970656,-166123.462489189,0,899911.236433949,1857432.5440413,1843611.82056385,66908.9101450696,0,116709.075775938,396234.243857718
fy_20,2020-03-08,"116,997","1,909,639","913,785","94,258",0,"-156,521",0,"6,518",0,765,"42,273","322,612",748,"25,683","785,731","3,298",0,"154,920",0,0,"1,877,461","25,330","103,253","152,336","494,918","59,342","74,626","117,478","31,374","227,878","119,479",0,"431,895","46,659","101,369","119,759",0,"94,499","-36,405","430,299",,2020-03-08,8692251.47398491,8368335.75,,2020-03-08,fy_20,2220590.43355611,913785.082185906,94257.823901903,-156521.460421025,0,785730.563182563,2272921.62839667,1877460.69119293,59342.3076230791,74626.4029153881,119758.701393765,430299.300057614
fy_20,2020-05-31,"52,764","1,909,639","970,949","106,216",0,"-162,290","389,645","1,566",0,0,"3,203","310,410",0,"27,574","1,007,203",0,0,97,0,"1,719","1,884,892","39,931","106,225","109,000","447,079","9,145",0,0,"11,532","225,434","-192,557",0,"1,378",19,"54,229","118,474",0,"38,490",-178,"979,304",,2020-05-31,8451090.35999992,8451090.36,,2020-05-31,fy_20,1942336.7626855,970948.550011366,106216.16941692,-162290.272789977,389645.230920122,1007203.42643093,1205215.6754745,1884891.84700115,9144.53510348875,0,118474.163838321,979304.271907612
fy_20,2020-06-07,"57,190","1,909,639","1,358,412","214,526",0,"10,781","945,020","1,547",0,0,0,"427,406",0,"41,490","1,445,810","11,861",0,70,0,"2,887","2,627,165","59,302","155,416","178,285","612,930","10,381","68,193",0,"11,599","313,714",0,0,"1,191",5,"48,175","164,869",0,"27,748",28,"1,406,512",,2020-06-07,12112152.8064894,13196123.46,,2020-06-07,fy_20,2223381.27824369,1358412.03166362,214526.281420165,10780.9799041697,945020.489569615,1445809.55932246,1637101.50412675,2627164.91431739,10381.2430818454,68193.4033134269,164868.926574424,1406512.19495185
fy_20,2020-06-14,"39,183","1,909,639","1,291,065","200,031",0,"-16,020","702,603",294,0,131,0,"377,206",0,"47,630","1,459,168","220,777",0,33,0,"2,712","2,312,074","54,070","147,153","179,413","560,979","55,820","64,813",0,"3,518","298,161",0,0,671,1,"17,767","156,695",0,"21,903","-3,039","1,335,689",,2020-06-14,11440140.3185548,11116990.31,,2020-06-14,fy_20,2204760.56240101,1291064.88087398,200031.341770207,-16020.0851233787,702602.518471697,1459167.73825442,1673442.47946718,2312074.29698456,55820.0542813533,64812.5208501111,156695.079317686,1335688.93100602
fy_20,2020-06-21,"25,524","1,909,639","1,165,655","202,808",0,"-39,474","526,391","10,998",0,467,0,"310,876",0,"28,401","1,432,132","10,148",0,15,0,"2,470","2,022,158","49,425","131,380","161,043","502,545","7,886",0,0,"2,516","284,250",0,"36,721",367,"39,375","80,424","149,384",0,"16,438","-5,515","1,282,973",,2020-06-21,10347417.4688722,9547107.90000001,,2020-06-21,fy_20,2188374.07604805,1165654.67693086,202807.809802437,-39473.5684177135,526390.546941023,1432132.37862292,1409130.58970839,2022157.53518873,7885.83621372254,0,149384.356866075,1282973.23096775
fy_20,2020-06-28,"17,610","1,909,639","1,039,950","199,299",0,"-46,357","409,747","12,235",0,210,0,"292,253",0,"27,011","1,433,772","9,893",0,7,0,"2,408","1,920,540","50,120","131,031","167,697","509,144","12,038",0,0,"2,317","280,531",0,"139,546",214,"42,902","136,553","147,430",0,"6,082","-1,444","1,326,231",,2020-06-28,10178609.3617824,9920555.11000001,,2020-06-28,fy_20,2188725.39012642,1039950.19528531,199298.883281765,-46357.4425143319,409747.310589381,1433772.36790102,1547233.76686606,1920540.0146132,12038.136047781,0,147429.650327744,1326231.08925802
fy_20,2020-07-05,"11,095","1,909,639","854,280","104,815",0,"-201,755","278,717","10,073",0,295,0,"238,225",0,"18,657","1,303,785","8,856",0,"535,637",0,"2,155","1,624,578","44,548","116,823","157,677","508,746","88,798",0,0,"13,756","241,238",0,"130,195",115,"7,760","211,805","126,780",0,"71,062",-754,"1,113,285",,2020-07-05,9530885.35582856,9463500.91000001,,2020-07-05,fy_20,2150122.68654423,854280.173505015,104815.193114747,-201754.837219774,278716.646923832,1303784.91215182,2087479.61517714,1624577.75264456,88798.4228259378,0,126780.033401785,1113284.75675926
fy_20,2020-07-12,"7,424","1,909,639","820,153","71,539",0,"-243,766","212,145","13,009",0,551,0,"165,174",0,"24,886","1,200,592",0,0,"530,512",0,"2,055","1,485,131","41,270","115,341","147,528","525,403","82,873",0,0,"46,459","231,601",0,"116,086",66,"25,603","221,621","121,715",0,"129,971","-2,515","1,155,009",,2020-07-12,9157076.36742148,10157561.83,,2020-07-12,fy_20,2138725.03269028,820152.765811686,71539.4695314585,-243765.802184938,212145.013868156,1200592.32338167,2112958.43758449,1485131.15724149,82873.3135049275,0,121715.3321229,1155009.32386936
fy_20,2020-07-19,"6,008","1,909,639","957,573","100,483",0,"-62,047","196,123","8,150",0,"2,290",0,"126,373",0,"22,365","1,417,162",0,0,"579,245",0,"2,373","1,717,476","51,926","135,669","217,363","642,321","94,595",0,0,"56,485","269,569",0,"147,696",46,"54,758","250,062","141,669",0,"152,487","-6,484","1,391,600",,2020-07-19,10582975.0637005,10168257.95,,2020-07-19,fy_20,2172723.65034802,957573.40993002,100483.073962364,-62047.3515223847,196123.394373545,1417161.89699466,2455617.45290795,1717475.66555646,94594.8355586389,0,141669.129137719,1391599.90645346
fy_20,2020-07-26,"4,039","1,909,639","965,250","38,676",0,"-63,160","153,905","11,551",0,486,0,"75,905",0,"11,090","1,320,680","9,358",0,"591,187",0,"2,278","1,676,631","51,783","132,838","198,892","632,213","83,050",0,0,"50,312","265,948",0,"130,862",26,"10,701","238,464","139,766",0,"112,475","-5,175","1,372,282",,2020-07-26,10121953.4961743,9699183.89000002,,2020-07-26,fy_20,2170411.56165563,965249.734096623,38675.9945029981,-63159.7723854218,153904.631198794,1320680.20447802,2264461.49308617,1676631.49932355,83050.1644485041,0,139765.80434093,1372282.18142851
fy_20,2020-08-02,"2,896","1,909,639","1,009,316","90,078",0,"-48,217","125,850","13,955",0,0,0,"73,965",0,"8,668","1,336,450",0,0,"615,333",0,"2,332","1,663,571","53,406","135,405","197,367","647,747","72,831",0,0,"28,554","273,085",0,"117,538",16,"34,988","209,656","143,517",0,"128,158",-692,"1,494,255",,2020-08-02,10339666.2339397,10071960.08,,2020-08-02,fy_20,2182031.93977136,1009315.72027082,90077.5296371059,-48217.1329789674,125849.731032305,1336450.10731188,2269985.34133876,1663570.85887918,72830.7885084868,0,143516.848734529,1494254.50143423
fy_20,2020-08-09,"132,236","1,909,639","1,014,997","108,848",0,"-44,455","100,876","12,490",0,41,0,"286,574",0,"37,289","1,304,647",0,0,"607,220",0,"2,396","1,607,960","55,940","139,066","188,060","642,765","98,632",0,0,"1,923","274,622",0,"125,990",10,"49,616","230,656","144,325",0,"135,411","-1,853","1,612,857",,2020-08-09,10778778.9807052,10780618,,2020-08-09,fy_20,2182407.78528309,1014996.57164795,108848.198386119,-44454.5011744443,100876.243608361,1304647.15045232,2647683.96641063,1607960.18070963,98632.0894208377,0,144324.621635912,1612856.67432479
fy_20,2020-08-16,"124,976","1,909,639","1,005,472","74,948",0,"-45,558","79,710","11,060",0,525,0,"363,822",0,"46,482","1,311,842","9,732",0,"623,536",0,"2,369","1,625,117","52,087","137,927","173,059","651,643","65,955",0,0,"4,160","272,045",0,"70,919",6,"55,263","233,905","142,970",0,"138,740","-2,635","1,570,443",,2020-08-16,10710155.6386025,10538967.82,,2020-08-16,fy_20,2179048.84665432,1005471.62874627,74947.5423889462,-45558.0075120768,79709.9954130558,1311841.63536315,2700208.79585007,1625116.97790985,65954.9086339812,0,142970.248804724,1570443.06635022
fy_20,2020-08-23,"102,714","1,909,639","918,249","131,125",0,"-70,593","58,985","8,838",0,214,0,"335,989",0,"35,683","1,270,802","8,686",0,"561,675",0,"1,888","1,524,417","41,222","122,598","152,791","583,358","7,436",0,0,"9,707",0,0,"46,897",3,"58,927","211,391","132,556",0,"136,134","-8,731","1,273,620",,2020-08-23,9566219.23513212,9006841.68999999,,2020-08-23,fy_20,1900907.5067866,918248.844322725,131125.426296622,-70592.7539301948,58984.8661610776,1270801.54256375,2418715.00551908,1524417.28536863,7435.54366390883,0,132556.091862711,1273619.87651721
fy_20,2020-08-30,"89,992","1,909,639","860,752","110,181",0,"-89,488","45,108","2,601",0,"5,715","1,551","302,889",0,"83,020","1,182,188",0,0,"523,598",0,533,"1,429,331","31,515","113,149","188,323","563,008","17,393",0,"131,081","15,424",0,0,"7,684",2,"11,247","90,205","126,951",0,"67,825","-13,968","1,073,593",,2020-08-30,8881039.28418054,8956007.04999999,,2020-08-30,fy_20,1895671.09962876,860751.525538584,110180.971457865,-89488.2030632881,45108.1804362013,1182188.31408779,2229359.81031805,1429330.66684074,17393.0798701346,0,126951.197444943,1073592.64162075
fy_21,2020-09-06,"80,876","1,909,639","880,820","98,593",0,"-93,785","37,102","2,159",0,"7,981","2,941","273,523",0,"37,817","1,199,425",0,"384,120","546,172",0,0,"1,414,080","30,183","115,882","212,289","582,383","49,010",0,0,0,0,0,0,1,"2,332","71,312","130,719",0,"79,718","-18,920","1,033,214",,2020-09-06,9069586.04368883,9103140.74,,2020-09-06,fy_21,2274839.03821575,880819.606353167,98592.8473415712,-93785.1043928963,37101.9255578218,1199425.41029943,2045569.38457989,1414080.25960049,49009.7374876899,0,130718.636084261,1033214.30256166
fy_21,2020-09-13,"57,508","1,909,639","821,604","91,538",0,"-110,462","27,653","1,663",0,"4,875","1,830","188,444",0,"27,433","1,102,214",0,0,"457,608",0,0,"1,315,705","10,289","99,049","128,467","493,947","1,778",0,0,0,0,0,0,1,402,"66,855","121,931",0,"76,247","-3,381","842,075",,2020-09-13,7734910.21603622,8052127.66,,2020-09-13,fy_21,1906257.95694311,821604.265576612,91537.9692094766,-110461.614553148,27653.0312806807,1102213.8462845,1614616.28669124,1315705.05628781,1777.79350423392,0,121930.742938212,842074.881873498
fy_21,2020-09-20,"44,040","1,909,639","794,925","77,305",0,"-149,226","20,992","1,568",0,"5,323","5,712","132,497",0,"32,511","1,094,302",0,0,"426,097",0,0,"1,257,647","9,791","94,997","93,056","475,101","30,241",0,0,963,0,0,0,"341,825",79,"83,585","115,809",0,"72,379","-36,324","754,165",,2020-09-20,7688996.13243499,7487138.17,,2020-09-20,fy_21,1873314.2878719,794924.9375267,77304.9010312694,-149225.891809719,20991.5616312519,1094302.40288047,1819522.60000623,1257646.83724734,30240.8913595449,0,115808.546998893,754165.057691111
fy_21,2020-09-27,"33,962","1,909,639","859,386","70,034",0,"-127,058","17,392","2,990",0,"3,503","23,718","89,545",0,"15,080","1,068,776",0,0,"451,211",0,0,"1,325,011","23,340","96,651","147,058","483,621","47,888",0,"115,927","6,577",0,0,0,"243,509",16,"98,006","120,029",0,"81,756",-192,"708,106",,2020-09-27,7915482.26605553,7804216.15,,2020-09-27,fy_21,1909446.18357121,859386.297787115,70033.8461344275,-127058.001024813,17392.0042791603,1068775.50045586,1916472.10868274,1325010.87845178,47887.6347243784,0,120029.420875479,708106.392118191
fy_21,2020-10-04,"24,326","1,909,639","869,046","78,216",0,"-150,497","13,735","2,794","11,754","2,099","21,559","54,938",0,"37,223","1,104,044","16,745",0,"451,563",0,0,"1,283,508","21,991","96,295","169,210","469,878","66,037",0,0,"5,263",0,0,0,"153,666","23,723","40,955","118,560",0,"97,821","-2,883","701,760",,2020-10-04,7692964.88704571,7935368.34000001,,2020-10-04,fy_21,1906755.42195963,869045.820727649,78215.8113168524,-150497.12107939,13734.8156599133,1104044.29290612,1701801.53914656,1283508.38941993,66036.8111849997,0,118559.575785384,701759.530018054
fy_21,2020-10-11,"18,056","1,909,639","881,850","115,152",0,"-139,520","11,144","2,344","15,621","4,298","18,026","118,065",0,"56,549","1,237,211","55,856",0,"446,227",0,0,"1,279,779","21,741","99,764","182,645","483,679","1,624","24,773","118,556","16,617",0,0,0,"98,262","21,981","31,044","120,306",0,"100,591","-1,677","705,744",,2020-10-11,8055944.23072897,8045177.52,,2020-10-11,fy_21,1907961.98495336,881850.339644209,115151.58984982,-139520.028740143,11144.2930413838,1237211.46796534,1909918.7744562,1279778.97185175,1623.77632749148,24772.7667864759,120306.432274047,705743.862319038
fy_21,2020-10-18,"12,583","1,909,639","871,846","54,133",0,"-149,640","8,811","2,204","15,881","5,384","15,263","148,339",0,"39,912","1,223,175","75,176",0,"463,336",0,0,"1,293,019","21,690","97,695","188,050","474,792","76,337","24,492",0,"13,034",0,0,0,"58,593","41,757","47,543","118,942",0,"97,886","-8,350","670,866",,2020-10-18,7912386.42557139,7690282.58999999,,2020-10-18,fy_21,1901288.835184,871845.601620033,54133.2934045845,-149640.308769839,8810.83776028215,1223175.0991383,1819118.31405443,1293018.81311341,76336.5434974561,24491.7156481018,118941.535892637,670866.145027992
fy_21,2020-10-25,"8,267","1,909,639","836,536","37,578",0,"-167,508","6,761","1,423","14,535","10,165","43,022","150,141",0,"35,062","1,094,099","70,199",0,"437,979",0,0,"1,276,409","21,070","89,982","176,165","442,974","3,789","23,500",0,"13,608",0,0,0,"32,909","7,945","48,945","114,124",0,"87,523","-11,257","571,470",,2020-10-25,7387053.85996631,7154287.38000001,,2020-10-25,fy_21,1898381.27235468,836536.167319337,37577.8011031736,-167507.938660598,6761.08421662577,1094099.26321181,1691914.74606573,1276408.81400486,3788.68633956946,23499.8099448659,114124.446330654,571469.707735605
fy_21,2020-11-01,"5,789","1,909,639","848,709","22,903",0,"-147,973","5,486",0,"15,644","2,120","68,224","152,259",0,"34,244","968,925","70,051",0,"439,828",0,0,"1,309,397","23,543","90,072","185,317","437,367","4,517","72,150",0,"14,312",0,0,0,"19,713","1,586","60,250","115,785",0,"60,146","-3,393","581,805",,2020-11-01,7368413.61137779,7786527.80000001,,2020-11-01,fy_21,1906246.14331003,848709.010582495,22902.9515480054,-147973.374290741,5486.20017775812,968924.539798448,1680463.05556604,1309396.87327907,4517.31859434518,72150.3105735842,115785.126468525,581805.455770223
fy_21,2020-11-08,"4,573","1,909,639","885,319","54,241",0,"-133,927","4,577","2,541","17,976","3,500","69,469","117,439",0,"55,744","1,242,078","71,229",0,"478,545",0,0,"1,373,056","28,507","104,877","233,039","490,207","2,326","75,263","122,708","16,902",0,0,"46,269","13,332","61,506","89,555","120,780",0,"104,381","-14,763","769,124",,2020-11-08,8420014.28434095,8396877.63,,2020-11-08,fy_21,1894875.31230753,885319.424639333,54241.4381656385,-133926.556537324,4577.367990638,1242078.49760333,2132300.30202759,1373055.78150655,2326.12359402591,75262.6290614196,120779.70219328,769124.261788949
fy_21,2020-11-15,"3,099","1,909,639","842,368","70,446",0,"-161,706","3,484","2,829","17,172",462,"60,560","168,290",0,"44,372","1,313,475","85,411","-71,964","435,771",0,0,"1,345,795","27,624","102,593","247,174","481,123","1,295","71,611",0,"12,642",0,0,"41,941","7,738","57,476","58,332","114,920",0,"107,959","-3,804","698,032",,2020-11-15,8096157.50751643,7870395.82,,2020-11-15,fy_21,1833870.35997754,842367.625293278,70446.0734073856,-161706.4236652,3483.67678461912,1313475.39134948,1962567.16151603,1345794.80343843,1295.39586231846,71611.2177721897,114920.002982686,698032.222797677
fy_21,2020-11-22,"2,251","1,909,639","798,967","89,469",0,"-170,254","2,763","1,679","16,853",2,"56,057","210,566",0,"40,428","1,319,005","220,030","-109,666","485,038",0,0,"1,358,380","29,860","106,096","265,433","505,641","25,536","23,464",0,"9,641","216,824",0,"35,559","4,816","12,359","65,014","113,949",0,"120,923","-35,871","763,277",,2020-11-22,8493728.95363891,8030912.76999999,,2020-11-22,fy_21,1980926.00007444,798966.899735262,89469.4146573056,-170253.7640072,2763.0434460171,1319004.58618101,2188246.3622548,1358380.36028017,25536.3450181413,23463.7210014651,113949.184033047,763276.800964457
fy_21,2020-11-29,"1,258","1,909,639","651,008","44,859",0,"-232,610","1,922",0,"11,835",322,"54,075","187,859",0,"36,396","963,453","108,689","-240,305","393,244",0,0,"1,208,757","20,540","83,898","207,350","408,925","43,139","20,400",0,"10,531",0,0,"5,915","2,307","1,976","50,084","99,068",0,"81,919","-35,622","642,008",,2020-11-29,6742837.73967548,7263482.86,,2020-11-29,fy_21,1633711.98672142,651008.336794549,44859.2488117532,-232609.85426023,1921.57382914102,963452.893974562,1667121.60349763,1208757.20762584,43139.1680425577,20399.5591045591,99068.3921980345,642007.62333566
fy_21,2020-12-06,"1,029","1,909,639","762,225","138,770",0,"-121,206","1,835",0,"11,191","8,538","11,257","244,556",0,"48,737","1,020,985","82,061",0,"440,241",0,0,"1,473,708","23,371","96,425","230,412","465,278","8,659","24,346",0,"4,145",0,0,"4,067","1,618",462,"42,615","118,236",0,"37,507","-38,386","724,954",,2020-12-06,7777273.98833736,7429721.05,,2020-12-06,fy_21,1871252.22346109,762225.029497307,138769.854575342,-121205.652580952,1834.52818012164,1020984.61139484,1753510.03548107,1473708.42949898,8658.80204141315,24346.3383835689,118235.525934991,724954.262469587
fy_21,2020-12-13,693,"1,909,639","758,986","45,518",0,"-121,889","1,461",0,"6,821","18,786",0,"231,695",0,"45,449","877,287","50,977",0,"393,386",0,0,"1,501,995","24,388","92,296","214,856","422,873","15,605","24,243",0,118,"224,024",0,"1,435",933,89,"43,925","117,733",0,"17,054","-27,539","515,965",,2020-12-13,7408803.6488474,7563593.95,,2020-12-13,fy_21,2106123.65888088,758986.389542264,45518.1439460088,-121888.906626208,1461.29080025528,877287.441039092,1565774.07432552,1501995.46876859,15605.1415194332,24242.8925228366,117733.151592008,515964.902536717
fy_21,2020-12-20,478,"1,909,639","773,842",0,0,"-114,580","1,169",0,"3,675","16,876",0,"204,014",0,"23,077","985,458","35,070",0,"341,786",0,0,"1,545,312","25,053","91,504","216,451","393,157","1,809",0,0,0,"224,076",0,0,552,17,"47,980","117,761",0,"7,203","-10,074","375,761",,2020-12-20,7217064.9043519,7409813.9,,2020-12-20,fy_21,2123641.47720971,773841.992662843,0,-114579.970854171,1169.24571134413,985457.816738707,1406891.40974895,1545311.87352204,1809.19109698091,0,117760.829924096,375761.038591404
fy_21,2020-12-27,505,"1,909,639","1,006,999","52,539",0,"-47,505","1,141",0,"3,269",0,0,"280,964",0,"41,722","1,704,612","52,905","703,771","419,127",0,0,"1,884,684","52,947","142,116","358,481","568,226",470,0,"173,380",0,0,"-6,760",0,499,5,"193,079","143,619",0,"4,300","-16,940","1,325,729",,2020-12-27,10953524.7067337,11058539.66,,2020-12-27,fy_21,2589710.29536172,1006998.83840319,52539.2931381076,-47504.7645489342,1140.74383261416,1704611.76048708,2291527.47877292,1884683.99329257,469.729471928579,0,143618.835769407,1325728.50275305
fy_21,2021-01-03,267,"1,909,639","869,521","77,253",0,"-135,289",754,0,"1,847",0,0,"202,690",0,"40,648","1,443,074","29,864",0,"231,857",0,0,"1,552,112","24,434","106,667","209,482","418,703","1,065",0,0,0,0,"-55,417",0,226,1,"70,120","118,624",0,326,"-42,892","980,100",,2021-01-03,8055677.12402961,8948820.43999999,,2021-01-03,fy_21,1811329.56188032,869520.976182983,77253.2380829026,-135288.705446129,753.747951190461,1443074.16986489,1337132.96402044,1552111.79347573,1064.77462624581,0,118624.39886821,980100.204522825
fy_21,2021-01-10,193,"1,909,639","889,826","58,949",0,"-131,492",617,0,"2,373","3,441","8,779","213,055",0,"41,367","1,440,831",0,0,"159,341",0,0,"1,557,593","20,509","107,332","180,896","385,570","1,974","75,646",0,0,0,"-51,845",0,"375,327",0,"62,570","121,394",0,"42,747","-16,274","974,002",,2021-01-10,8434359.07354962,8222296.82000001,,2021-01-10,fy_21,1841519.54411132,889825.655324365,58948.8607867423,-131491.903018724,617.062729531555,1440830.73156139,1603499.82121753,1557593.37271909,1973.52421170582,75645.7120019649,121394.464712891,974002.227191827
fy_21,2021-01-17,136,"1,909,639","884,028","47,195",0,"-130,654",490,"4,267","17,631","5,348","27,255","232,249",0,"30,220","1,396,031",0,0,"100,472",0,0,"1,564,010","22,263","106,008","190,656","377,476","11,958","75,153","127,323",944,0,"-52,865",0,"258,939",0,"115,970","120,604",0,"124,899","-26,602","986,342",,2021-01-17,8527382.04351515,8806621.58,,2021-01-17,fy_21,1830171.31727436,884027.991443657,47194.9178050604,-130654.405647111,490.423503163958,1396031.00500862,1742054.42178388,1564010.48198458,11957.5073225436,75152.8419553663,120603.518420016,986342.022661021
fy_21,2021-01-24,95,"1,909,639","849,262","122,787",0,"-126,314",398,"2,958","20,124","5,773","34,690","265,442",0,"14,945","1,468,751",0,0,"61,261",0,0,"1,560,011","26,884","104,753","211,237","475,031","10,980","76,164",0,"1,312",0,"-50,774",0,"164,997",0,"91,285","122,226",0,"126,935","-17,392","941,042",,2021-01-24,8474502.47259531,7773140.51,,2021-01-24,fy_21,1841472.54549781,849261.562997712,122787.379317209,-126313.608373924,397.608205422767,1468750.87463547,1607723.76845872,1560010.91906279,10980.4762824936,76163.5832265911,122225.532309982,941041.830975048
fy_21,2021-01-31,64,"1,909,639","780,437","66,788",0,"-133,232",312,"2,539","19,262","2,710","40,271","274,269",0,"43,649","1,318,378",0,0,"484,448",0,0,"1,541,056","27,414","104,079","212,634","495,421","11,381",0,0,"1,284",0,"-7,867",0,"97,754",0,"48,289","119,903",0,"111,803","-34,503","903,422",,2021-01-31,8441606.063458,7739017.82,,2021-01-31,fy_21,1867268.91276264,780437.45800109,66788.2895020821,-133231.800356541,312.037350805976,1318378.1071703,1965891.29874829,1541055.89838489,11380.9679329647,0,119902.757732516,903422.136228954
fy_21,2021-02-07,26,"1,909,639","495,467","109,378",0,"-293,043",160,"1,061","11,079",45,"20,519","164,582",0,"18,169","823,054",0,0,"293,297","-843,441",0,"977,649","14,535","60,572","120,455","297,439","9,478","15,826",0,730,0,0,0,"214,533",0,"45,155","76,856",0,"63,795","-105,292","530,751",,2021-02-07,5032475.40700825,5988298.57,,2021-02-07,fy_21,960905.222648274,495467.29929461,109378.14794665,-293043.334008006,160.008256573876,823054.422769288,1325992.95190658,977649.452684774,9478.41481633147,15825.7916754257,76856.3540275275,530750.674990219
fy_21,2021-02-14,8,"1,909,639","352,452","16,878",0,"-341,452",91,329,"4,770",23,"13,822","74,656",0,"15,123","577,701",0,0,"124,206","-1,821,367",0,"696,697","4,369","24,830","41,947","131,856","5,110","11,258","31,807",279,0,0,0,"64,718",0,"26,511","54,672",0,"26,134","-99,673","257,276",,2021-02-14,2204670.66810224,2000906.28,,2021-02-14,fy_21,-11401.5280326857,352451.872636931,16877.5589404735,-341451.539619823,91.05717730293,577701.435443325,585388.587777584,696697.137771194,5110.47752973875,11257.7155342175,54671.9550202688,257275.937923717
fy_21,2021-02-21,18,"1,909,639","673,057","66,760",0,"-207,482",134,"1,011","15,763",21,"38,831","255,164",0,"57,125","1,047,809",0,0,"415,087","-240,523",0,"1,301,433","20,783","85,640","173,154","430,036","10,724","20,696",0,"1,220",0,0,0,"134,691",0,"92,449","100,510",0,"85,158","-45,878","693,576",,2021-02-21,7136604.35380951,8351127.32,,2021-02-21,fy_21,1623238.30330478,673057.496922845,66759.8731698768,-207482.042220257,133.919385777961,1047808.64192511,1806149.27062467,1301433.16626941,10723.502981666,20696.3111036957,100509.538219148,693576.372122789
fy_21,2021-02-28,17,"1,909,639","880,973","93,040",0,"-119,641",134,"4,328","20,319",8,"44,631","328,335",0,"72,572","1,385,688",0,0,"551,222",0,0,"1,601,930","29,094","113,229","241,857","568,674","11,770","25,950",0,"3,300",0,"107,448","176,365","108,424","69,616","94,662","126,024",0,"117,850","-18,301","893,924",,2021-02-28,9443080.71768877,8984894.63999999,,2021-02-28,fy_21,1998785.94766646,880973.006134913,93039.506419239,-119641.298538213,134.331653883203,1385688.02185688,2544502.21416468,1601930.233659,11769.7686978082,25950.1766465072,126024.403980862,893924.405346744
fy_21,2021-03-07,12,"1,909,639","891,345","45,684",0,"-102,028",108,"4,062","19,695",89,"36,755","321,122",0,"54,205","1,321,284",0,0,"526,458",0,0,"1,632,742","30,433","110,939","233,657","563,311","16,140","26,098",0,"2,745",0,"126,446","130,960","64,699","55,394","75,303","126,742",0,"117,984","-22,512","910,671",,2021-03-07,9230180.75597129,9657891.26999998,,2021-03-07,fy_21,2013572.84632827,891344.699925931,45684.1839034032,-102028.294712483,108.076608603748,1321284.18593791,2347822.19433221,1632741.97460529,16139.6378996553,26097.9986940387,126742.286779473,910670.965668983
fy_21,2021-03-14,10,"1,909,639","1,034,964","58,552",0,"-41,485",100,"4,919","23,207",178,"40,443","408,328",0,"77,330","1,703,476",0,"432,444","684,961",0,0,"1,939,609","43,644","144,016","309,365","724,521","2,293","30,303",0,"1,394","280,025","146,820","27,419","561,917","70,348","115,787","147,164",0,"147,265","-9,900","1,054,476",,2021-03-14,12073533.5180668,11916897.67,,2021-03-14,fy_21,2759027.0269576,1034963.58141825,58552.1223065933,-41485.1657058192,100.392546438863,1703475.94895893,3385054.92759256,1939608.89846517,2292.62962053687,30303.0670384595,147163.775196422,1054476.3136717
fy_21,2021-03-21,6,"1,909,639","928,139","120,782",0,"-90,854",71,"3,673","19,090",15,"31,915","330,187",0,"42,606","1,333,114",0,0,"563,625",0,0,"1,659,377","33,566","117,162","245,937","592,030",944,0,"140,973","3,881",0,"129,329",0,"326,692","11,811","112,743","129,632",0,"119,371","-22,087","1,039,887",,2021-03-21,9833255.04181803,9649560.17,,2021-03-21,fy_21,2016880.35889583,928138.954310709,120781.811129131,-90853.8810239193,70.7456817265035,1333114.26425966,2695282.77375834,1659377.25235184,943.979058505938,0,129632.019343045,1039886.76405316
fy_21,2021-03-28,5,"1,909,639","1,022,672","84,064",0,"-69,271",60,"5,208","22,435",4,"27,118","346,623",0,"51,598","1,390,828",0,"402,925","603,888",0,0,"1,730,534","34,783","125,495","252,751","632,367","7,972",0,0,"11,830",0,"64,168",0,"228,145","69,786","119,918","137,118",0,"128,266","-4,885","1,082,028",,2021-03-28,10418071.9170628,9524689.65999999,,2021-03-28,fy_21,2371846.15956013,1022672.28602895,84064.421233227,-69271.2229732833,59.8856245052938,1390828.49700038,2660220.50651344,1730533.58178139,7971.59605996574,0,137118.123919863,1082028.08231426
fy_21,2021-04-04,2,"1,909,639","823,478","117,827",0,"-159,601",38,"3,440","16,585",170,"16,842","266,489",0,"25,187","990,264","62,981","-123,532","437,376",0,0,"1,332,835","26,565","95,163","188,690","487,004","11,109",0,0,"4,499",0,"-67,032",0,"391,523","53,964","113,195","107,923",0,"99,169","-10,719","822,282",,2021-04-04,8043355.60351423,8008295.85,,2021-04-04,fy_21,1708355.29040705,823478.281400978,117827.288970859,-159600.963279669,37.7189534514754,990263.795359574,2288844.98631489,1332834.94504007,11109.2706126323,0,107923.286918452,822281.702815942
fy_21,2021-04-11,2,"1,909,639","881,698","26,700",0,"-130,669",32,"3,636","17,879",144,"21,564","297,711",0,"65,778","1,060,275","251,627",0,"488,810",0,0,"1,393,463","28,939","102,803","213,145","537,080","12,084",0,"123,288","2,854",0,"-57,505",0,"304,834","56,467","111,685","115,553",0,"110,615","-22,137","880,992",,2021-04-11,8808983.39492461,8421806.38,,2021-04-11,fy_21,1829996.3265939,881697.540104097,26700.3812893016,-130669.082731607,32.2610319855763,1060274.65707688,2738859.79395307,1393462.88712595,12083.6665029065,0,115553.377356911,880991.586621215
fy_21,2021-04-18,1,"1,909,639","887,785","103,195",0,"-140,033",26,"3,711","17,626",95,"49,665","296,568",0,"60,477","1,054,754","122,553",0,"487,473",0,0,"1,407,595","29,432","102,529","210,060","536,378","12,187",0,"38,086","3,785",0,"-56,098",0,"198,663","11,529","82,696","116,681",0,"126,019","-10,519","864,748",,2021-04-18,8527306.19557028,8272560.69,,2021-04-18,fy_21,1843022.12002033,887784.94813698,103194.757393609,-140032.873246478,26.1084509125874,1054753.6926498,2377347.47971232,1407594.87732181,12186.9501608435,0,116680.535084131,864747.599886022
fy_21,2021-04-25,1,"1,909,639","832,192","41,220",0,"-173,857",20,"2,288","17,023","7,011","56,049","283,533",0,"34,398","1,008,636","130,459",0,"463,819",0,0,"1,333,512","27,960","96,876","204,267","512,497","7,726",0,0,"7,296",0,"-53,750","14,018","117,365","2,187","65,056","111,579",0,"105,651","-43,627","903,954",,2021-04-25,8024998.62262689,8069025.15,,2021-04-25,fy_21,1812261.90546213,832191.785037381,41220.259180314,-173857.479074841,19.9276842034424,1008635.94780453,2147756.19983333,1333511.86209925,7725.79679367191,0,111578.829175995,903953.588630936
fy_21,2021-05-02,1,"1,909,639","894,218","40,969",0,"-127,094",17,0,"18,055","30,730","31,812","306,449",0,"30,447","1,102,782","106,696",0,"496,343",0,0,"1,432,574","27,453","103,042","209,036","547,124","20,724",0,"38,467","2,104",0,0,"21,921","76,095",466,"58,603","121,994",0,"65,964",-574,"925,866",,2021-05-02,8491918.91230157,7916224.11,,2021-05-02,fy_21,1909064.93667017,894217.566379317,40968.6356703248,-127094.234067774,17.4677442481905,1102782.33529638,2170805.24615518,1432573.8889698,20723.5713143327,0,121993.63117701,925865.866992586
fy_21,2021-05-09,0,"1,909,639","868,972","46,906",0,"-132,372",14,0,"17,696","26,100","32,643","298,745",0,"39,696","1,055,598","133,908",0,"464,195",0,0,"1,376,632","26,209","99,711","201,906","510,261","46,070",0,0,"3,007",0,0,"22,111","44,306",90,"73,857","118,550",0,"52,767","-34,285","872,806",,2021-05-09,8175737.45488733,7892593.34,,2021-05-09,fy_21,1875353.87051526,868972.226178264,46906.1767530962,-132372.044763267,13.5675027779003,1055598.18891007,2047207.88902458,1376631.95040217,46070.2147023419,0,118549.535649011,872805.880013028
fy_21,2021-05-16,0,"1,909,639","898,258","86,494",0,"-122,072",11,0,"18,674",500,"32,412","316,616",0,"37,490","1,174,824","95,928",0,"459,981",0,0,"1,476,147","29,507","106,135","216,905","509,302","33,265","25,234",0,"4,605",0,0,"27,581","28,013",19,"80,206","122,545",0,"50,487","-26,434","932,953",,2021-05-16,8525223.61778115,8896160.81,,2021-05-16,fy_21,1883204.55524761,898257.637541989,86493.9563359059,-122071.620243704,11.1946332191822,1174824.30264596,2014360.39249692,1476147.09355176,33265.0616893755,25233.6773811036,122544.797883948,932952.568617057
fy_21,2021-05-23,0,"1,909,639","946,968","82,245",0,"-99,192",9,0,"20,150","1,068","32,136","333,118",0,"43,666","1,098,304","115,031",0,"450,783",0,0,"1,578,898","31,936","115,614","233,548","536,121","9,709","107,807",0,"8,051","245,824",0,"32,062","408,625",4,"99,281","129,190",0,"70,896","-15,767","925,325",,2021-05-23,9451049.18083246,9054968.87,,2021-05-23,fy_21,2139695.4289936,946967.852634475,82245.2125454281,-99192.3604093427,9.48112901969841,1098304.44078692,2532090.49115168,1578898.06571008,9708.87881219413,107806.936398258,129190.088960712,925324.664119448
fy_21,2021-05-30,0,"1,909,639","972,677","90,503",0,"-84,836",8,"5,219","21,264",998,"37,424","339,991",0,"44,582","1,217,582","268,135",0,"400,989",0,0,"1,625,364","35,584","122,224","240,971","560,747","51,715","110,734","144,178","9,059","252,498",0,"7,169","298,874","69,860","115,022","132,697",0,"102,860","-16,130","972,700",,2021-05-30,10060300.8776033,10374844.66,,2021-05-30,fy_21,2146007.14744174,972677.042952326,90503.1889069571,-84836.1913451534,7.76358233971542,1217582.40798552,2825149.04127824,1625364.20695522,51715.4104618093,110733.782370628,132697.465240731,972699.611772944
fy_21,2021-06-06,0,"1,909,639","980,537","1,492",0,"-74,091",6,"4,142","20,224",773,"35,336","316,509",0,"24,542","1,137,238","211,189",0,"293,922",0,0,"1,595,795","32,232","117,007","237,205","538,755","96,053","111,629",0,"3,189","254,538",0,0,"184,136","68,486","74,930","133,770","125,956","141,038","-2,215","940,528",,2021-06-06,9514490.23419769,9416569.05,,2021-06-06,fy_21,2161962.49990497,980537.031886182,1491.95796684944,-74091.0081818601,6.26791815889746,1137238.36926522,2429571.15723344,1595795.38355343,96052.5422652561,111628.597674787,133769.764228253,940527.670483008
fy_21,2021-06-13,0,"1,909,639","974,064","142,426",0,"-75,632",5,"4,317","19,955",827,"41,097","314,326",0,"22,086","1,129,730","152,059",0,"520,379",0,0,"1,586,557","31,012","116,109","233,564","567,340","20,737","27,363","32,403","1,108","252,858",0,0,"112,447","64,497","86,273","132,887","129,666","144,209",-446,"878,850",,2021-06-13,9572710.57581621,9245616.45999999,,2021-06-13,fy_21,2162050.3931795,974063.65538878,142425.871102842,-75631.8920367315,4.985321482098,1129730.4711521,2593673.65312063,1586556.56135051,20736.5810479458,27363.205166836,132886.633841884,878850.457180436
fy_21,2021-06-20,0,"1,909,639","998,889","214,552",0,"-65,526",4,"3,707","21,497",879,"45,256","338,920",0,"23,590","1,317,937","344,380",0,"584,282",0,0,"1,675,703","31,969","125,848","249,636","631,083","90,232","56,862","148,903","1,800","261,585",0,0,"73,484","14,405","111,047","137,473","136,968","155,841","-2,849","846,974",,2021-06-20,10484969.9509805,9082963.23999999,,2021-06-20,fy_21,2168374.58558729,998889.113042159,214551.528343167,-65525.5846331368,4.12730967421082,1317937.47703638,3043495.88368607,1675702.72309943,90231.6668749711,56861.7629783165,137472.796045635,846973.87161057
fy_21,2021-06-27,0,"1,909,639","970,334","202,521",0,"-64,014",3,939,"20,381",654,"78,072","330,336",0,"20,427","1,269,553","150,275",0,"583,178",0,"1,612","1,723,198","34,256","123,961","257,498","625,821","96,141","28,073","15,037","1,525","259,416",0,"20,708","43,361","2,829","92,944","136,333","128,042","159,320","-13,534","918,086",,2021-06-27,10126925.5434686,10107517.9,,2021-06-27,fy_21,2155520.6108968,970334.402002165,202520.835437925,-64013.5724647158,3.27447173789226,1269553.14528483,2691176.76759214,1723197.74812945,96140.9024745245,28072.8620595925,136333.01064921,918085.55693492
fy_21,2021-07-04,0,"1,909,639","928,996","60,046",0,"-74,703",3,0,"16,472","3,450","65,216","310,346",0,"11,256","1,248,207","81,284",0,"556,627",0,"3,573","1,634,327","35,076","119,044","255,103","585,289","70,286","27,200","39,032",809,"251,354",0,"44,355","24,717",537,"88,304","132,096","109,076","147,396","-15,376","915,246",,2021-07-04,9584283.08484622,10453381.2,,2021-07-04,fy_21,2145616.31876449,928996.412024089,60045.6957084386,-74703.042331275,2.5354544641554,1248207.0438681,2496962.88498531,1634326.84115891,70286.1806277952,27200.4165726076,132096.067525439,915245.730487858
fy_21,2021-07-11,0,"1,909,639","946,278","73,997",0,"-68,483",2,0,"13,988","4,794","59,719","302,905",0,"7,378","1,252,981","49,775",0,"535,316",0,"3,578","1,599,287","35,949","118,574","261,319","553,747","29,153","27,706",0,"1,339","256,030",0,"53,291","14,848",108,"91,419","134,553","91,051","148,062","-1,028","1,002,218",,2021-07-11,9509493.56680328,9993282.28999998,,2021-07-11,fy_21,2164640.69084863,946278.375270151,73997.1646562841,-68482.7672824875,2.06471562691244,1252981.41183948,2347159.43076932,1599286.69212465,29152.6126478715,27706.4213250494,134553.428344466,1002218.04154424
fy_21,2021-07-18,0,"1,909,639","940,018","39,976",0,"-70,736",2,0,"14,771","3,529","65,728","298,056",0,"22,389","1,299,892","49,936",0,"501,159",0,"3,589","1,568,420","36,614","118,841","268,305","523,105","65,188","27,523","140,320","1,765","254,336",0,"48,456","8,936",22,"110,305","133,663","68,887","154,289","-5,680","969,272",,2021-07-18,9570514.90018092,10097023.39,,2021-07-18,fy_21,2158294.19226332,940018.014162621,39976.027367186,-70736.0510928441,1.63947269846167,1299892.38448395,2439002.27445666,1568419.83217856,65188.3921679952,27523.1219841524,133663.253664682,969271.819071948
fy_21,2021-07-25,0,"1,909,639","1,004,890","40,120",0,"-65,165",1,0,"21,874","3,100","75,734","286,555",0,"67,675","1,325,198","114,638",0,"446,452",0,"3,599","1,543,887","37,611","116,553","253,351","492,109","7,450","27,664","41,068","4,357","255,638",0,"47,074","5,375",4,"212,379","134,348","47,091","166,013","-2,238","957,107",,2021-07-25,9581151.96667781,10266641.78,,2021-07-25,fy_21,2163038.68386199,1004889.72948002,40120.0134388599,-65164.6897517504,1.32381084829624,1325197.91263835,2442612.8756578,1543887.32635768,7450.08398500376,27664.0738829866,134347.772282128,957106.861033895
fy_21,2021-08-01,0,"1,909,639","1,093,570","129,218",0,"-59,057",1,0,"22,051","3,369","63,801","292,124","24,547","60,948","1,283,636","186,890",0,"378,766",0,"3,716","1,544,571","37,538","120,303","240,133","479,438","51,488","56,769",0,"9,721","262,293",0,"54,226","3,330",1,"147,003","137,845","30,914","164,139","-5,087","1,042,251",,2021-08-01,9770094.09648512,10656045.82,,2021-08-01,fy_21,2166844.7263462,1093570.36336522,129218.404093721,-59056.8521380142,1.08237512603695,1283636.36952524,2322956.07577304,1544570.63916301,51487.9523566776,56768.5517856344,137845.360382243,1042251.42345701
fy_21,2021-08-08,0,"1,909,639","1,095,039","75,879",0,"-57,593",1,0,"22,465","10,972","49,770","329,823","4,816","32,122","1,438,963","220,633",0,"292,197",0,"3,866","1,522,800","37,239","124,982","269,515","485,423","92,927","56,845","87,346","4,532","262,646",0,"49,044","415,754",0,"184,956","138,030","19,750","171,351","-11,261","1,050,199",,2021-08-08,10390668.762151,10482081.33,,2021-08-08,fy_21,2161023.10692326,1095039.09478949,75879.4449130966,-57592.7268419753,0.871313338775038,1438963.38746205,2816554.82161268,1522799.76849951,92926.8142852499,56844.7953989497,138030.495074318,1050198.88872099
fy_21,2021-08-15,0,"1,909,639","1,095,938","89,332",0,"-59,024",1,0,"21,991","2,468","29,794","333,215","4,768","12,245","1,381,897","151,442",0,"565,268",0,"3,828","1,502,771","35,057","122,364","281,321","473,981","91,426","56,891","159,645","3,906","262,861",0,"47,707","278,193",0,"210,555","138,144","11,831","173,043","-2,846","990,395",,2021-08-15,10380044.932173,11054491.52,,2021-08-15,fy_21,2169653.70961959,1095938.24961104,89332.1416505166,-59023.8446545148,0.69549611409176,1381897.23717193,2922620.29233257,1502770.76613504,91425.7632989418,56891.4716063156,138143.83421057,990394.615694883
