date,gt_ama,gt_ama_bedroom,gt_ama_furn,gt_ama_matt,gt_ama_offch,gt_ama_table,gt_ama_wardrobe,gt_ash,c_gt_bbb,gt_tar,gt_wal,gt_way,gt_ama_furn_ratio,gt_ama_offch_ratio,gt_ama_table_ratio,gt_ama_ratio,gt_ama_bedroom_ratio,gt_ama_matt_ratio,gt_ama_wardrobe_ratio,gt_ash_ratio,gt_bbb_ratio,gt_tar_ratio,gt_wal_ratio,gt_way_ratio,gt_c_tot_ratio,gt_rooms_mi,gt_nebra_tx
07/01/2018,68,62,44,0,20,63,6,52,74,45,46,21,0.6875,0.666666667,0.768292683,1.014925373,0.849315068,0,0.545454545,0.776119403,1.104477612,0.671641791,0.686567164,0.313432836,4.567164179,67,49
14/01/2018,66,48,51,0,14,57,4,66,70,43,44,21,0.772727273,0.518518519,0.678571429,1.03125,0.631578947,0,0.363636364,1.03125,1.09375,0.671875,0.6875,0.328125,4.84375,62,44
21/01/2018,64,47,44,96,27,50,5,77,65,41,42,20,0.709677419,0.964285714,0.568181818,1.084745763,0.652777778,1.627118644,0.5,1.305084746,1.101694915,0.694915254,0.711864407,0.338983051,5.237288136,61,34
28/01/2018,62,38,51,0,13,49,4,69,73,42,43,20,0.772727273,0.448275862,0.563218391,1,0.535211268,0,0.307692308,1.112903226,1.177419355,0.677419355,0.693548387,0.322580645,4.983870968,58,43
04/02/2018,63,23,36,0,7,45,7,53,69,41,43,19,0.571428571,0.25,0.535714286,1.145454545,0.315068493,0,0.291666667,0.963636364,1.254545455,0.745454545,0.781818182,0.345454545,5.236363636,62,38
11/02/2018,58,52,53,0,17,55,3,77,68,42,42,20,0.803030303,0.607142857,0.654761905,1.035714286,0.776119403,0,0.136363636,1.375,1.214285714,0.75,0.75,0.357142857,5.482142857,65,42
18/02/2018,58,33,71,97,17,56,5,95,72,43,45,21,0.946666667,0.53125,0.666666667,0.90625,0.423076923,1.25974026,0.05,1.484375,1.125,0.671875,0.703125,0.328125,5.21875,69,43
25/02/2018,62,46,66,94,10,64,6,80,76,44,45,21,0.956521739,0.357142857,0.735632184,1.033333333,0.613333333,1.342857143,0.461538462,1.333333333,1.266666667,0.733333333,0.75,0.35,5.466666667,65,40
04/03/2018,62,42,51,48,10,59,2,60,80,44,46,20,0.739130435,0.37037037,0.686046512,1.016393443,0.567567568,0.685714286,0.166666667,0.983606557,1.31147541,0.721311475,0.754098361,0.327868852,5.114754098,49,43
11/03/2018,59,49,45,48,7,57,2,41,78,43,44,19,0.671641791,0.28,0.703703704,0.967213115,0.680555556,0.761904762,0.166666667,0.672131148,1.278688525,0.704918033,0.721311475,0.31147541,4.655737705,53,50
18/03/2018,58,31,53,48,17,54,4,41,74,44,43,19,0.779411765,0.586206897,0.666666667,0.983050847,0.442857143,0.786885246,0.4,0.694915254,1.254237288,0.745762712,0.728813559,0.322033898,4.728813559,56,41
25/03/2018,60,49,47,0,18,55,5,51,64,48,46,19,0.68115942,0.692307692,0.662650602,0.967741935,0.690140845,0,0.454545455,0.822580645,1.032258065,0.774193548,0.741935484,0.306451613,4.64516129,55,41
01/04/2018,62,41,41,0,10,64,16,53,74,49,55,19,0.602941176,0.357142857,0.752941176,1.033333333,0.577464789,0,1.454545455,0.883333333,1.233333333,0.816666667,0.916666667,0.316666667,5.2,65,45
08/04/2018,58,60,49,0,14,59,10,46,70,44,46,20,0.765625,0.518518519,0.670454545,1.035714286,0.895522388,0,0.833333333,0.821428571,1.25,0.785714286,0.821428571,0.357142857,5.071428571,53,49
15/04/2018,58,45,49,49,14,64,3,41,76,46,45,21,0.753846154,0.5,0.727272727,1,0.652173913,0.803278689,0.3,0.706896552,1.310344828,0.793103448,0.775862069,0.362068966,4.948275862,55,47
22/04/2018,57,47,50,0,10,61,8,45,64,43,44,24,0.735294118,0.333333333,0.701149425,0.982758621,0.701492537,0,0.8,0.775862069,1.103448276,0.74137931,0.75862069,0.413793103,4.775862069,57,39
29/04/2018,57,41,48,49,27,56,10,33,70,45,45,20,0.75,1.038461538,0.629213483,1.075471698,0.640625,0.816666667,1,0.622641509,1.320754717,0.849056604,0.849056604,0.377358491,5.094339623,53,44
06/05/2018,59,26,49,49,17,74,13,48,63,45,50,19,0.790322581,0.739130435,0.860465116,1.035087719,0.4,0.830508475,1.3,0.842105263,1.105263158,0.789473684,0.877192982,0.333333333,4.98245614,58,40
13/05/2018,57,53,49,0,21,55,9,42,66,45,45,19,0.790322581,1,0.679012346,0.982758621,0.815384615,0,0.818181818,0.724137931,1.137931034,0.775862069,0.775862069,0.327586207,4.724137931,59,46
20/05/2018,57,35,53,0,0,62,7,50,64,46,50,20,0.757142857,0,0.794871795,0.919354839,0.52238806,0,0.636363636,0.806451613,1.032258065,0.741935484,0.806451613,0.322580645,4.629032258,66,49
27/05/2018,58,41,56,0,7,59,13,95,61,50,56,22,0.736842105,0.291666667,0.766233766,0.84057971,0.554054054,0,1.3,1.376811594,0.884057971,0.724637681,0.811594203,0.31884058,4.956521739,66,54
03/06/2018,57,42,52,0,14,57,12,68,62,46,50,21,0.8125,0.56,0.780821918,0.95,0.617647059,0,1.2,1.133333333,1.033333333,0.766666667,0.833333333,0.35,5.066666667,55,46
10/06/2018,60,31,38,0,34,64,6,35,71,48,52,21,0.575757576,1.259259259,0.842105263,1,0.430555556,0,0.666666667,0.583333333,1.183333333,0.8,0.866666667,0.35,4.783333333,52,43
17/06/2018,55,57,41,0,7,54,46,74,70,47,52,21,0.602941176,0.25,0.75,0.887096774,0.802816901,0,4.6,1.193548387,1.129032258,0.758064516,0.838709677,0.338709677,5.14516129,57,45
24/06/2018,60,50,59,0,29,60,28,73,72,49,53,22,0.842857143,1.074074074,0.779220779,0.923076923,0.641025641,0,2.8,1.123076923,1.107692308,0.753846154,0.815384615,0.338461538,5.061538462,60,51
01/07/2018,60,41,48,0,11,70,20,80,58,53,58,21,0.648648649,0.47826087,0.985915493,0.821917808,0.554054054,0,2.222222222,1.095890411,0.794520548,0.726027397,0.794520548,0.287671233,4.520547945,78,51
08/07/2018,64,45,52,50,11,62,14,59,74,52,52,21,0.742857143,0.407407407,0.873239437,0.927536232,0.576923077,0.657894737,1.555555556,0.855072464,1.072463768,0.753623188,0.753623188,0.304347826,4.666666667,50,50
15/07/2018,91,53,65,0,11,61,13,67,69,54,53,21,0.955882353,0.379310345,0.802631579,1.3,0.706666667,0,1.3,0.957142857,0.985714286,0.771428571,0.757142857,0.3,5.071428571,45,46
22/07/2018,62,45,49,0,7,69,17,57,74,50,53,23,0.690140845,0.25,0.945205479,0.873239437,0.576923077,0,1.545454545,0.802816901,1.042253521,0.704225352,0.746478873,0.323943662,4.492957746,51,50
29/07/2018,62,35,55,0,21,56,12,56,63,53,54,22,0.808823529,0.6,0.8,0.826666667,0.460526316,0,1.2,0.746666667,0.84,0.706666667,0.72,0.293333333,4.133333333,50,54
05/08/2018,63,58,59,0,14,57,11,39,62,54,55,21,0.867647059,0.451612903,0.814285714,0.828947368,0.773333333,0,1.1,0.513157895,0.815789474,0.710526316,0.723684211,0.276315789,3.868421053,47,44
12/08/2018,61,30,47,0,22,66,11,64,67,53,53,22,0.68115942,0.647058824,0.904109589,0.847222222,0.4,0,1.1,0.888888889,0.930555556,0.736111111,0.736111111,0.305555556,4.444444444,58,42
19/08/2018,61,56,43,0,18,59,18,48,61,50,50,21,0.641791045,0.580645161,0.786666667,0.897058824,0.8,0,1.636363636,0.705882353,0.897058824,0.735294118,0.735294118,0.308823529,4.279411765,53,42
26/08/2018,63,35,54,0,32,66,34,36,65,47,49,22,0.771428571,1,0.835443038,0.984375,0.514705882,0,2.428571429,0.5625,1.015625,0.734375,0.765625,0.34375,4.40625,61,50
02/09/2018,63,54,55,0,32,51,63,47,60,49,51,22,0.785714286,1.103448276,0.62962963,0.926470588,0.794117647,0,2.52,0.691176471,0.882352941,0.720588235,0.75,0.323529412,4.294117647,66,49
09/09/2018,59,17,51,0,17,63,85,52,58,43,45,20,0.879310345,0.708333333,0.777777778,1.092592593,0.26984127,0,5.666666667,0.962962963,1.074074074,0.796296296,0.833333333,0.37037037,5.12962963,49,36
16/09/2018,59,47,46,48,10,56,100,63,61,46,45,19,0.766666667,0.37037037,0.636363636,1.072727273,0.723076923,0.786885246,6.666666667,1.145454545,1.109090909,0.836363636,0.818181818,0.345454545,5.327272727,53,40
23/09/2018,58,31,50,49,14,60,58,42,51,44,45,19,0.833333333,0.5,0.697674419,1.094339623,0.508196721,0.844827586,4.461538462,0.79245283,0.962264151,0.830188679,0.849056604,0.358490566,4.886792453,52,37
30/09/2018,61,50,51,0,14,53,37,48,61,47,47,18,0.86440678,0.56,0.630952381,1.196078431,0.793650794,0,2.846153846,0.941176471,1.196078431,0.921568627,0.921568627,0.352941176,5.529411765,55,38
07/10/2018,61,68,51,0,3,53,23,73,57,47,48,19,0.85,0.142857143,0.638554217,1.196078431,1.152542373,0,1.916666667,1.431372549,1.117647059,0.921568627,0.941176471,0.37254902,5.980392157,49,41
14/10/2018,61,47,44,0,28,52,16,50,54,49,48,19,0.733333333,1.166666667,0.604651163,1.196078431,0.734375,0,1.454545455,0.980392157,1.058823529,0.960784314,0.941176471,0.37254902,5.509803922,53,34
21/10/2018,61,29,40,0,24,51,8,76,59,47,47,19,0.701754386,0.96,0.6,1.244897959,0.491525424,0,0.8,1.551020408,1.204081633,0.959183673,0.959183673,0.387755102,6.306122449,53,36
28/10/2018,60,32,42,0,14,52,11,79,57,49,49,20,0.7,0.56,0.584269663,1.25,0.516129032,0,1,1.645833333,1.1875,1.020833333,1.020833333,0.416666667,6.541666667,52,40
04/11/2018,62,32,39,0,3,70,23,61,60,50,49,23,0.639344262,0.107142857,0.795454545,1.148148148,0.516129032,0,2.555555556,1.12962963,1.111111111,0.925925926,0.907407407,0.425925926,5.648148148,61,46
11/11/2018,69,51,53,0,14,73,17,47,54,55,54,24,0.791044776,0.518518519,0.784946237,1.277777778,0.784615385,0,1.545454545,0.87037037,1,1.018518519,1,0.444444444,5.611111111,66,50
18/11/2018,79,51,66,0,18,87,11,93,46,86,82,28,0.846153846,0.5625,1.023529412,1.274193548,0.822580645,0,1.1,1.5,0.741935484,1.387096774,1.322580645,0.451612903,6.677419355,86,96
25/11/2018,87,46,62,0,7,72,14,53,58,71,62,29,0.953846154,0.194444444,0.774193548,1.581818182,0.741935484,0,1.555555556,0.963636364,1.054545455,1.290909091,1.127272727,0.527272727,6.545454545,64,49
02/12/2018,81,47,54,0,20,86,9,50,61,66,63,21,0.947368421,0.588235294,0.934782609,1.62,0.783333333,0,0.9,1,1.22,1.32,1.26,0.42,6.84,60,46
09/12/2018,82,55,51,0,21,80,10,44,57,69,63,21,0.944444444,0.724137931,0.91954023,1.708333333,0.982142857,0,1,0.916666667,1.1875,1.4375,1.3125,0.4375,7,50,45
16/12/2018,83,30,44,0,28,76,13,54,52,82,72,17,0.830188679,1,0.938271605,1.729166667,0.535714286,0,1.3,1.125,1.083333333,1.708333333,1.5,0.354166667,7.5,48,46
23/12/2018,74,39,35,0,16,61,9,58,49,92,97,23,0.53030303,0.666666667,0.824324324,1.138461538,0.590909091,0,0.9,0.892307692,0.753846154,1.415384615,1.492307692,0.353846154,6.046153846,56,53
30/12/2018,66,48,53,0,15,72,4,74,51,57,59,27,0.736111111,0.555555556,0.911392405,0.88,0.623376623,0,0.4,0.986666667,0.68,0.76,0.786666667,0.36,4.453333333,69,62
06/01/2019,63,45,46,0,20,65,11,63,56,45,46,24,0.741935484,0.689655172,0.792682927,1.105263158,0.616438356,0,1.1,1.105263158,0.98245614,0.789473684,0.807017544,0.421052632,5.210526316,52,41
13/01/2019,61,35,50,0,13,57,8,40,60,42,45,24,0.793650794,0.419354839,0.670588235,1.089285714,0.472972973,0,0.888888889,0.714285714,1.071428571,0.75,0.803571429,0.428571429,4.857142857,58,43
20/01/2019,60,42,49,0,3,58,14,60,64,44,45,25,0.742424242,0.1,0.725,1,0.583333333,0,1.166666667,1,1.066666667,0.733333333,0.75,0.416666667,4.966666667,56,45
27/01/2019,59,44,36,0,20,58,11,47,55,41,44,25,0.5625,0.689655172,0.69047619,1.072727273,0.594594595,0,0.785714286,0.854545455,1,0.745454545,0.8,0.454545455,4.927272727,53,41
03/02/2019,59,43,43,47,7,51,10,44,60,41,43,21,0.682539683,0.259259259,0.614457831,1.134615385,0.614285714,0.796610169,0.909090909,0.846153846,1.153846154,0.788461538,0.826923077,0.403846154,5.153846154,60,40
10/02/2019,61,37,50,0,20,54,16,71,63,45,43,22,0.757575758,0.689655172,0.65060241,1.150943396,0.528571429,0,1.454545455,1.339622642,1.188679245,0.849056604,0.811320755,0.41509434,5.754716981,63,43
17/02/2019,62,52,59,0,13,69,3,69,61,44,48,25,0.808219178,0.448275862,0.821428571,1.050847458,0.722222222,0,0.333333333,1.169491525,1.033898305,0.745762712,0.813559322,0.423728814,5.237288136,60,49
24/02/2019,60,27,55,47,3,53,24,60,65,43,46,23,0.774647887,0.115384615,0.546391753,1.153846154,0.369863014,0.691176471,2.181818182,1.153846154,1.25,0.826923077,0.884615385,0.442307692,5.711538462,64,45
03/03/2019,62,33,55,0,17,50,39,71,61,43,47,21,0.808823529,0.586206897,0.595238095,1.127272727,0.423076923,0,3.25,1.290909091,1.109090909,0.781818182,0.854545455,0.381818182,5.545454545,62,43
10/03/2019,58,47,47,48,14,47,34,84,60,44,48,23,0.68115942,0.5,0.5875,1.074074074,0.68115942,0.738461538,2.833333333,1.555555556,1.111111111,0.814814815,0.888888889,0.425925926,5.87037037,55,43
17/03/2019,55,38,39,0,27,55,28,50,81,42,46,22,0.573529412,1,0.6875,1.037735849,0.558823529,0,2.545454545,0.943396226,1.528301887,0.79245283,0.867924528,0.41509434,5.58490566,57,40
24/03/2019,58,41,47,49,7,61,25,46,94,43,48,22,0.68115942,0.269230769,0.75308642,1.054545455,0.554054054,0.777777778,2.272727273,0.836363636,1.709090909,0.781818182,0.872727273,0.4,5.654545455,68,40
31/03/2019,58,36,46,0,24,65,22,54,70,44,48,23,0.696969697,0.827586207,0.78313253,1.074074074,0.529411765,0,2,1,1.296296296,0.814814815,0.888888889,0.425925926,5.5,60,40
07/04/2019,59,45,49,0,7,63,12,65,75,44,48,29,0.777777778,0.25,0.768292683,1.134615385,0.652173913,0,1.333333333,1.25,1.442307692,0.846153846,0.923076923,0.557692308,6.153846154,55,39
14/04/2019,59,30,44,50,14,64,20,40,59,45,51,23,0.676923077,0.424242424,0.790123457,1.113207547,0.454545455,0.862068966,2.222222222,0.754716981,1.113207547,0.849056604,0.962264151,0.433962264,5.226415094,55,41
21/04/2019,61,32,45,0,4,63,20,50,60,49,53,23,0.737704918,0.181818182,0.741176471,1.244897959,0.5,0,2.222222222,1.020408163,1.224489796,1,1.081632653,0.469387755,6.040816327,49,40
28/04/2019,62,29,59,0,10,63,32,39,59,43,50,23,0.907692308,0.357142857,0.759036145,1.148148148,0.420289855,0,2.285714286,0.722222222,1.092592593,0.796296296,0.925925926,0.425925926,5.111111111,63,40
05/05/2019,60,38,50,0,17,54,31,70,64,44,50,22,0.793650794,0.708333333,0.613636364,1.111111111,0.584615385,0,2.818181818,1.296296296,1.185185185,0.814814815,0.925925926,0.407407407,5.740740741,60,41
12/05/2019,62,39,55,0,7,55,30,56,57,44,51,23,0.859375,0.269230769,0.696202532,1.215686275,0.590909091,0,2.727272727,1.098039216,1.117647059,0.862745098,1,0.450980392,5.745098039,54,47
19/05/2019,62,52,60,0,7,54,29,65,60,47,51,25,0.833333333,0.28,0.72972973,1.107142857,0.753623188,0,2.636363636,1.160714286,1.071428571,0.839285714,0.910714286,0.446428571,5.535714286,68,49
26/05/2019,64,40,65,0,7,63,17,60,61,49,56,27,0.878378378,0.24137931,0.84,1.015873016,0.533333333,0,1.7,0.952380952,0.968253968,0.777777778,0.888888889,0.428571429,5.031746032,58,48
02/06/2019,65,51,54,0,7,62,12,59,62,46,54,25,0.84375,0.24137931,0.837837838,1.120689655,0.718309859,0,1.5,1.017241379,1.068965517,0.793103448,0.931034483,0.431034483,5.362068966,56,45
09/06/2019,66,46,61,50,21,62,13,29,71,50,53,23,0.968253968,0.75,0.805194805,1.178571429,0.638888889,0.724637681,1.444444444,0.517857143,1.267857143,0.892857143,0.946428571,0.410714286,5.214285714,58,43
16/06/2019,66,58,53,50,21,61,10,53,67,48,53,24,0.791044776,0.75,0.835616438,1.118644068,0.816901408,0.694444444,0.833333333,0.898305085,1.13559322,0.813559322,0.898305085,0.406779661,5.271186441,60,40
23/06/2019,64,48,66,0,36,62,10,60,63,51,56,31,0.970588235,1.333333333,0.805194805,1,0.676056338,0,0.909090909,0.9375,0.984375,0.796875,0.875,0.484375,5.078125,58,45
30/06/2019,66,41,67,0,4,68,13,70,53,52,62,27,0.87012987,0.153846154,0.931506849,0.956521739,0.561643836,0,1.625,1.014492754,0.768115942,0.753623188,0.898550725,0.391304348,4.782608696,78,60
07/07/2019,70,37,60,100,18,68,16,56,66,49,55,22,0.895522388,0.666666667,0.957746479,1.09375,0.480519481,1.369863014,1.454545455,0.875,1.03125,0.765625,0.859375,0.34375,4.96875,57,46
14/07/2019,94,69,88,50,25,84,15,61,62,52,58,23,1.275362319,0.806451613,1.135135135,1.492063492,0.92,0.641025641,1.666666667,0.968253968,0.984126984,0.825396825,0.920634921,0.365079365,5.555555556,53,48
21/07/2019,67,51,65,0,11,62,10,60,57,50,55,23,0.942028986,0.366666667,0.911764706,0.971014493,0.662337662,0,1,0.869565217,0.826086957,0.724637681,0.797101449,0.333333333,4.52173913,54,47
28/07/2019,66,43,59,0,15,54,15,65,57,50,60,24,0.842857143,0.428571429,0.782608696,0.929577465,0.581081081,0,1.666666667,0.915492958,0.802816901,0.704225352,0.845070423,0.338028169,4.535211268,66,46
04/08/2019,67,75,56,51,14,53,21,39,57,51,62,22,0.811594203,0.4,0.779411765,0.971014493,1,0.6375,2.1,0.565217391,0.826086957,0.739130435,0.898550725,0.31884058,4.31884058,54,46
11/08/2019,69,31,55,0,7,75,15,72,63,51,57,23,0.797101449,0.2,1.02739726,0.971830986,0.430555556,0,1.5,1.014084507,0.887323944,0.718309859,0.802816901,0.323943662,4.718309859,57,43
18/08/2019,78,57,59,0,27,67,19,67,65,51,52,25,0.855072464,0.692307692,0.87012987,1.181818182,0.791666667,0,1.9,1.015151515,0.984848485,0.772727273,0.787878788,0.378787879,5.121212121,63,41
25/08/2019,72,42,51,47,10,61,16,68,56,48,50,24,0.728571429,0.3125,0.792207792,1.220338983,0.646153846,0.5875,1.066666667,1.152542373,0.949152542,0.813559322,0.847457627,0.406779661,5.389830508,48,49
01/09/2019,63,36,49,0,16,55,14,49,53,47,52,25,0.710144928,0.516129032,0.705128205,1,0.537313433,0,1.4,0.777777778,0.841269841,0.746031746,0.825396825,0.396825397,4.587301587,62,48
08/09/2019,64,47,50,0,19,58,22,44,57,45,46,21,0.833333333,0.633333333,0.707317073,1.20754717,0.746031746,0,2.2,0.830188679,1.075471698,0.849056604,0.867924528,0.396226415,5.226415094,54,37
15/09/2019,65,48,58,0,22,72,16,52,66,43,50,21,0.966666667,0.709677419,0.827586207,1.25,0.761904762,0,1.777777778,1,1.269230769,0.826923077,0.961538462,0.403846154,5.711538462,48,35
22/09/2019,64,62,50,0,6,78,19,49,54,45,46,21,0.847457627,0.222222222,0.896551724,1.254901961,0.953846154,0,2.111111111,0.960784314,1.058823529,0.882352941,0.901960784,0.411764706,5.470588235,50,33
29/09/2019,67,42,42,0,6,62,10,49,55,44,49,21,0.68852459,0.230769231,0.729411765,1.264150943,0.636363636,0,1,0.924528302,1.037735849,0.830188679,0.924528302,0.396226415,5.377358491,54,38
06/10/2019,67,45,42,0,19,57,17,53,57,47,47,22,0.711864407,0.655172414,0.670588235,1.288461538,0.737704918,0,1.888888889,1.019230769,1.096153846,0.903846154,0.903846154,0.423076923,5.634615385,61,36
13/10/2019,67,45,37,0,10,61,13,53,57,48,49,22,0.616666667,0.454545455,0.743902439,1.288461538,0.725806452,0,1.181818182,1.019230769,1.096153846,0.923076923,0.942307692,0.423076923,5.692307692,49,37
20/10/2019,70,46,55,0,19,68,19,36,51,48,51,22,0.948275862,0.612903226,0.80952381,1.4,0.707692308,0,1.9,0.72,1.02,0.96,1.02,0.44,5.56,55,38
27/10/2019,68,44,37,0,19,64,9,40,57,48,51,24,0.627118644,0.76,0.744186047,1.36,0.6875,0,1,0.8,1.14,0.96,1.02,0.48,5.76,48,33
03/11/2019,72,46,56,0,9,62,16,64,53,52,51,27,0.848484848,0.28125,0.688888889,1.285714286,0.696969697,0,1.6,1.142857143,0.946428571,0.928571429,0.910714286,0.482142857,5.696428571,56,45
10/11/2019,75,61,48,0,22,81,10,89,60,50,52,26,0.71641791,0.75862069,0.931034483,1.388888889,0.924242424,0,1,1.648148148,1.111111111,0.925925926,0.962962963,0.481481481,6.518518519,64,46
17/11/2019,78,44,47,89,25,77,9,100,52,51,54,27,0.712121212,0.806451613,0.819148936,1.418181818,0.656716418,1.253521127,0.9,1.818181818,0.945454545,0.927272727,0.981818182,0.490909091,6.581818182,56,49
24/11/2019,90,44,69,0,23,95,17,100,42,79,84,32,0.884615385,0.638888889,1.117647059,1.525423729,0.676923077,0,1.7,1.694915254,0.711864407,1.338983051,1.423728814,0.542372881,7.237288136,77,100
01/12/2019,97,54,55,44,28,95,5,58,61,71,65,30,0.901639344,0.823529412,1.032608696,1.830188679,0.830769231,0.61971831,0.555555556,1.094339623,1.150943396,1.339622642,1.226415094,0.566037736,7.20754717,60,53
08/12/2019,90,61,58,0,9,97,11,40,61,66,63,23,1.054545455,0.28125,1.114942529,1.875,1.016666667,0,1.222222222,0.833333333,1.270833333,1.375,1.3125,0.479166667,7.145833333,42,36
15/12/2019,97,42,36,0,32,70,5,45,52,72,64,19,0.666666667,0.864864865,0.864197531,2.063829787,0.7,0,0.625,0.957446809,1.106382979,1.531914894,1.361702128,0.404255319,7.425531915,45,42
22/12/2019,83,55,50,0,14,75,7,77,42,96,100,22,0.806451613,0.451612903,1.041666667,1.431034483,0.797101449,0,0.7,1.327586207,0.724137931,1.655172414,1.724137931,0.379310345,7.24137931,57,52
29/12/2019,74,64,58,0,23,85,13,59,47,58,58,28,0.773333333,0.696969697,1.148648649,0.986666667,0.810126582,0,1.3,0.786666667,0.626666667,0.773333333,0.773333333,0.373333333,4.32,62,55
05/01/2020,71,66,56,0,25,60,7,54,59,42,47,25,0.848484848,0.735294118,0.8,1.203389831,0.835443038,0,0.7,0.915254237,1,0.711864407,0.796610169,0.423728814,5.050847458,50,41
12/01/2020,68,53,46,42,9,59,10,43,63,42,43,24,0.73015873,0.272727273,0.728395062,1.333333333,0.697368421,0.617647059,1.111111111,0.843137255,1.235294118,0.823529412,0.843137255,0.470588235,5.549019608,57,42
19/01/2020,67,58,44,44,21,76,12,59,68,41,43,24,0.666666667,0.636363636,0.938271605,1.218181818,0.743589744,0.637681159,1.2,1.072727273,1.236363636,0.745454545,0.781818182,0.436363636,5.490909091,51,46
26/01/2020,68,57,47,0,21,52,7,50,65,39,43,23,0.770491803,0.7,0.641975309,1.36,0.780821918,0,0.777777778,1,1.3,0.78,0.86,0.46,5.76,54,39
02/02/2020,67,39,49,0,18,56,9,45,63,39,42,21,0.742424242,0.580645161,0.7,1.367346939,0.549295775,0,0.75,0.918367347,1.285714286,0.795918367,0.857142857,0.428571429,5.653061224,53,36
09/02/2020,68,50,59,0,15,63,15,59,69,40,45,24,0.893939394,0.576923077,0.768292683,1.387755102,0.675675676,0,1.5,1.204081633,1.408163265,0.816326531,0.918367347,0.489795918,6.224489796,57,39
16/02/2020,68,62,58,0,12,63,14,68,71,39,45,24,0.816901408,0.413793103,0.75,1.214285714,0.826666667,0,1.4,1.214285714,1.267857143,0.696428571,0.803571429,0.428571429,5.625,64,44
23/02/2020,70,77,60,0,12,59,14,48,68,42,47,25,0.869565217,0.387096774,0.710843373,1.296296296,1.069444444,0,1.4,0.888888889,1.259259259,0.777777778,0.87037037,0.462962963,5.555555556,51,41
01/03/2020,71,65,55,0,12,62,12,59,89,45,47,24,0.785714286,0.428571429,0.784810127,1.392156863,0.890410959,0,1.333333333,1.156862745,1.745098039,0.882352941,0.921568627,0.470588235,6.568627451,57,37
08/03/2020,75,28,53,41,23,56,12,55,66,48,54,23,0.883333333,0.676470588,0.811594203,1.5625,0.424242424,0.672131148,1.2,1.145833333,1.375,1,1.125,0.479166667,6.6875,48,38
15/03/2020,91,35,45,0,57,55,5,56,72,60,76,23,0.9,0.982758621,0.948275862,1.857142857,0.603448276,0,0.625,1.142857143,1.469387755,1.224489796,1.551020408,0.469387755,7.714285714,41,40
22/03/2020,88,71,60,0,47,49,6,49,66,60,72,27,1.153846154,0.796610169,0.765625,2,1.109375,0,0.75,1.113636364,1.5,1.363636364,1.636363636,0.613636364,8.227272727,50,37
29/03/2020,88,58,54,0,51,65,4,59,85,62,74,30,1,0.728571429,0.878378378,2.046511628,0.84057971,0,0.5,1.372093023,1.976744186,1.441860465,1.720930233,0.697674419,9.255813953,42,46
05/04/2020,89,75,63,0,49,68,8,40,78,64,77,35,1.086206897,0.790322581,0.883116883,1.893617021,1.041666667,0,0.888888889,0.85106383,1.659574468,1.361702128,1.638297872,0.744680851,8.14893617,49,42
12/04/2020,91,87,85,38,56,89,4,74,82,63,75,40,1.197183099,0.903225806,1.05952381,1.685185185,1.023529412,0.520547945,0.444444444,1.37037037,1.518518519,1.166666667,1.388888889,0.740740741,7.87037037,67,54
19/04/2020,91,73,75,0,58,70,6,65,81,63,69,44,1,0.852941176,0.823529412,1.444444444,0.829545455,0,0.75,1.031746032,1.285714286,1,1.095238095,0.698412698,6.555555556,64,52
26/04/2020,92,93,89,0,53,74,10,63,75,67,73,47,1.072289157,0.791044776,0.840909091,1.415384615,1.010869565,0,0.909090909,0.969230769,1.153846154,1.030769231,1.123076923,0.723076923,6.415384615,68,58
03/05/2020,94,69,81,38,67,90,9,75,62,71,73,45,0.975903614,1,1,1.424242424,0.811764706,0.5,1,1.136363636,0.939393939,1.075757576,1.106060606,0.681818182,6.363636364,77,67
10/05/2020,86,67,76,0,41,70,14,75,65,63,71,43,0.88372093,0.640625,0.777777778,1.131578947,0.752808989,0,1.555555556,0.986842105,0.855263158,0.828947368,0.934210526,0.565789474,5.302631579,87,68
17/05/2020,87,75,100,78,41,84,7,96,65,66,69,46,1.01010101,0.594202899,0.933333333,1.035714286,0.833333333,0.8125,0.777777778,1.142857143,0.773809524,0.785714286,0.821428571,0.547619048,5.107142857,100,77
24/05/2020,85,62,91,0,54,100,7,83,65,75,72,43,0.947916667,0.830769231,1.149425287,1,0.681318681,0,0.777777778,0.976470588,0.764705882,0.882352941,0.847058824,0.505882353,4.976470588,91,75
31/05/2020,81,79,77,0,33,81,7,76,60,72,74,36,0.905882353,0.515625,0.987804878,1.051948052,0.94047619,0,0.875,0.987012987,0.779220779,0.935064935,0.961038961,0.467532468,5.181818182,68,59
07/06/2020,81,60,73,0,31,65,11,69,74,63,70,37,0.820224719,0.46969697,0.773809524,0.931034483,0.659340659,0,1.1,0.793103448,0.850574713,0.724137931,0.804597701,0.425287356,4.528735632,73,57
14/06/2020,83,83,78,0,47,74,12,65,68,64,69,37,0.886363636,0.691176471,0.840909091,0.93258427,0.873684211,0,1.5,0.730337079,0.764044944,0.719101124,0.775280899,0.415730337,4.337078652,79,59
21/06/2020,82,72,79,0,35,76,7,62,66,59,67,36,0.858695652,0.555555556,0.873563218,0.931818182,0.774193548,0,0.7,0.704545455,0.75,0.670454545,0.761363636,0.409090909,4.227272727,72,62
28/06/2020,81,64,74,0,39,82,10,81,63,62,68,38,0.74,0.6,0.921348315,0.89010989,0.646464646,0,1,0.89010989,0.692307692,0.681318681,0.747252747,0.417582418,4.318681319,96,71
05/07/2020,84,62,83,42,56,79,13,85,69,58,64,90,0.943181818,0.875,0.840425532,1,0.62,0.446808511,1.625,1.011904762,0.821428571,0.69047619,0.761904762,1.071428571,5.357142857,76,61
12/07/2020,80,76,71,0,60,85,8,90,65,58,63,100,0.835294118,0.857142857,0.894736842,0.91954023,0.791666667,0,1,1.034482759,0.747126437,0.666666667,0.724137931,1.149425287,5.24137931,73,60
19/07/2020,82,84,79,0,63,77,9,65,71,58,59,42,0.908045977,0.851351351,0.885057471,0.901098901,0.884210526,0,0.9,0.714285714,0.78021978,0.637362637,0.648351648,0.461538462,4.142857143,78,58
26/07/2020,79,63,75,0,63,66,10,92,68,58,61,39,0.872093023,0.75,0.75862069,0.840425532,0.670212766,0,1,0.978723404,0.723404255,0.617021277,0.64893617,0.414893617,4.223404255,81,57
02/08/2020,77,56,75,84,33,73,13,60,60,57,59,37,0.862068966,0.375,0.901234568,0.810526316,0.577319588,0.943820225,1.444444444,0.631578947,0.631578947,0.6,0.621052632,0.389473684,3.684210526,70,60
09/08/2020,76,60,77,0,72,76,11,59,64,56,58,37,0.895348837,0.857142857,0.915662651,0.76,0.64516129,0,1.222222222,0.59,0.64,0.56,0.58,0.37,3.5,69,54
16/08/2020,73,64,66,0,100,91,5,67,65,56,58,34,0.814814815,1,1.096385542,0.737373737,0.688172043,0,0.555555556,0.676767677,0.656565657,0.565656566,0.585858586,0.343434343,3.565656566,73,53
23/08/2020,71,74,67,0,66,70,7,73,62,52,54,32,0.848101266,0.785714286,0.813953488,0.755319149,0.787234043,0,0.777777778,0.776595745,0.659574468,0.553191489,0.574468085,0.340425532,3.659574468,73,49
30/08/2020,74,79,76,0,42,82,11,65,53,50,55,32,0.863636364,0.53164557,0.891304348,0.860465116,0.897727273,0,1.375,0.755813953,0.61627907,0.581395349,0.639534884,0.372093023,3.825581395,79,54
06/09/2020,72,79,67,0,54,62,12,79,53,50,52,33,0.788235294,0.72972973,0.645833333,0.911392405,0.908045977,0,1.333333333,1,0.670886076,0.632911392,0.658227848,0.417721519,4.291139241,69,59
13/09/2020,76,62,57,40,67,65,9,57,58,51,52,27,0.780821918,1.046875,0.65,1.027027027,0.794871795,0.547945205,1,0.77027027,0.783783784,0.689189189,0.702702703,0.364864865,4.337837838,58,45
20/09/2020,74,52,61,0,28,67,8,53,54,49,52,33,0.847222222,0.444444444,0.676767677,1.042253521,0.65,0,0.888888889,0.746478873,0.76056338,0.690140845,0.732394366,0.464788732,4.436619718,53,45
27/09/2020,74,63,65,0,12,60,9,54,52,47,50,27,0.855263158,0.193548387,0.625,1.15625,0.777777778,0,0.9,0.84375,0.8125,0.734375,0.78125,0.421875,4.75,62,47
04/10/2020,75,55,65,0,52,62,10,58,56,47,50,27,0.855263158,0.838709677,0.632653061,1.171875,0.654761905,0,1,0.90625,0.875,0.734375,0.78125,0.421875,4.890625,62,41
11/10/2020,95,74,86,0,17,74,6,68,56,50,55,27,1.102564103,0.278688525,0.831460674,1.397058824,0.870588235,0,0.6,1,0.823529412,0.735294118,0.808823529,0.397058824,5.161764706,62,43
18/10/2020,76,64,66,0,24,60,14,47,53,49,53,28,0.846153846,0.444444444,0.659340659,1.151515152,0.780487805,0,1.272727273,0.712121212,0.803030303,0.742424242,0.803030303,0.424242424,4.636363636,63,45
25/10/2020,78,68,64,0,24,75,17,80,52,53,57,27,0.853333333,0.461538462,0.872093023,1.238095238,0.871794872,0,1.888888889,1.26984127,0.825396825,0.841269841,0.904761905,0.428571429,5.507936508,56,42
01/11/2020,59,28,47,39,14,53,9,47,42,43,49,21,0.746031746,0.311111111,0.726027397,1.18,0.417910448,0.639344262,1.125,0.94,0.84,0.86,0.98,0.42,5.22,62,47
08/11/2020,79,60,73,0,41,92,7,71,55,76,75,28,0.9125,0.82,1.033707865,1.215384615,0.722891566,0,0.7,1.092307692,0.846153846,1.169230769,1.153846154,0.430769231,5.907692308,65,57
15/11/2020,81,74,77,47,53,82,12,44,58,67,71,31,0.9625,0.815384615,0.872340426,1.227272727,0.860465116,0.5875,1.090909091,0.666666667,0.878787879,1.015151515,1.075757576,0.46969697,5.333333333,66,61
22/11/2020,93,100,84,0,61,88,4,91,49,91,96,35,0.933333333,0.824324324,0.967032967,1.309859155,1.234567901,0,0.444444444,1.281690141,0.690140845,1.281690141,1.352112676,0.492957746,6.408450704,79,87
29/11/2020,100,83,64,0,45,77,6,55,59,77,74,32,0.842105263,0.592105263,0.836956522,1.639344262,1.050632911,0,0.6,0.901639344,0.967213115,1.262295082,1.213114754,0.524590164,6.508196721,65,57
06/12/2020,97,95,61,0,39,83,7,89,60,77,72,24,0.85915493,0.590909091,0.902173913,1.616666667,1.217948718,0,0.777777778,1.483333333,1,1.283333333,1.2,0.4,6.983333333,56,45
13/12/2020,100,65,53,0,46,92,6,48,67,79,75,23,0.803030303,0.73015873,1.069767442,1.724137931,0.866666667,0,0.666666667,0.827586207,1.155172414,1.362068966,1.293103448,0.396551724,6.75862069,53,48
20/12/2020,84,77,46,0,32,60,6,43,41,100,96,21,0.741935484,0.62745098,0.833333333,1.448275862,1.069444444,0,0.666666667,0.74137931,0.706896552,1.724137931,1.655172414,0.362068966,6.637931034,56,50
27/12/2020,85,78,92,0,37,69,9,80,50,71,69,32,1.010989011,0.587301587,0.831325301,0.977011494,0.8125,0,0.818181818,0.91954023,0.574712644,0.816091954,0.793103448,0.367816092,4.448275862,67,60
03/01/2021,79,89,71,0,42,61,9,47,62,53,55,29,0.845238095,0.56,0.743902439,1.097222222,0.956989247,0,0.9,0.652777778,0.861111111,0.736111111,0.763888889,0.402777778,4.513888889,67,50
10/01/2021,76,81,61,0,29,69,12,53,50,50,52,30,0.75308642,0.46031746,0.821428571,1.085714286,0.852631579,0,1.333333333,0.757142857,0.714285714,0.714285714,0.742857143,0.428571429,4.442857143,66,51
17/01/2021,72,69,61,0,35,78,9,65,59,49,51,30,0.734939759,0.52238806,0.917647059,0.98630137,0.726315789,0,1,0.890410959,0.808219178,0.671232877,0.698630137,0.410958904,4.465753425,61,48
24/01/2021,74,67,49,0,32,67,9,57,64,47,51,27,0.628205128,0.507936508,0.779069767,1.138461538,0.712765957,0,0.9,0.876923077,0.984615385,0.723076923,0.784615385,0.415384615,4.923076923,65,44
31/01/2021,75,69,59,0,26,62,9,67,78,47,53,26,0.756410256,0.433333333,0.712643678,1.19047619,0.75,0,0.818181818,1.063492063,1.238095238,0.746031746,0.841269841,0.412698413,5.492063492,64,47
07/02/2021,71,56,54,0,22,56,3,51,71,45,52,25,0.710526316,0.385964912,0.651162791,1.267857143,0.636363636,0,0.272727273,0.910714286,1.267857143,0.803571429,0.928571429,0.446428571,5.625,68,46
14/02/2021,70,69,57,0,33,62,10,53,76,46,55,25,0.75,0.622641509,0.738095238,1.09375,0.766666667,0,0.909090909,0.828125,1.1875,0.71875,0.859375,0.390625,5.078125,59,38
21/02/2021,68,73,64,0,29,59,11,66,76,46,51,26,0.8,0.491525424,0.694117647,1.133333333,0.760416667,0,1.222222222,1.1,1.266666667,0.766666667,0.85,0.433333333,5.55,62,44
28/02/2021,72,64,52,0,33,71,5,67,74,46,53,26,0.604651163,0.66,0.816091954,1.180327869,0.688172043,0,0.555555556,1.098360656,1.213114754,0.754098361,0.868852459,0.426229508,5.540983607,61,46
07/03/2021,69,70,67,46,16,74,10,85,66,49,52,26,0.770114943,0.285714286,0.860465116,1.15,0.752688172,0.582278481,1,1.416666667,1.1,0.816666667,0.866666667,0.433333333,5.783333333,62,52
14/03/2021,71,42,71,0,30,68,8,79,68,47,55,27,0.739583333,0.545454545,0.772727273,1.109375,0.442105263,0,0.8,1.234375,1.0625,0.734375,0.859375,0.421875,5.421875,69,54
21/03/2021,70,61,86,0,26,68,7,93,81,49,56,27,0.945054945,0.530612245,0.829268293,1.076923077,0.663043478,0,0.777777778,1.430769231,1.246153846,0.753846154,0.861538462,0.415384615,5.784615385,68,49
28/03/2021,71,54,82,0,3,67,12,70,87,49,56,26,0.942528736,0.063829787,0.807228916,1.126984127,0.586956522,0,1.333333333,1.111111111,1.380952381,0.777777778,0.888888889,0.412698413,5.698412698,63,46
04/04/2021,68,64,82,0,16,68,10,59,79,52,61,24,0.953488372,0.333333333,0.819277108,1.114754098,0.711111111,0,1,0.967213115,1.295081967,0.852459016,1,0.393442623,5.62295082,59,44
11/04/2021,70,52,76,0,26,69,13,91,79,45,50,23,0.863636364,0.541666667,0.775280899,1.111111111,0.584269663,0,1.083333333,1.444444444,1.253968254,0.714285714,0.793650794,0.365079365,5.682539683,62,42
18/04/2021,70,51,86,0,23,77,7,63,91,45,50,25,1.011764706,0.46,0.885057471,1.186440678,0.593023256,0,0.777777778,1.06779661,1.542372881,0.762711864,0.847457627,0.423728814,5.830508475,58,44
25/04/2021,70,50,57,0,29,69,11,66,100,44,48,30,0.7125,0.630434783,0.784090909,1.166666667,0.581395349,0,1.222222222,1.1,1.666666667,0.733333333,0.8,0.5,5.966666667,62,41
02/05/2021,68,50,65,0,26,70,11,65,82,46,52,24,0.833333333,0.553191489,0.786516854,1.192982456,0.581395349,0,1.222222222,1.140350877,1.438596491,0.807017544,0.912280702,0.421052632,5.912280702,51,43
09/05/2021,70,56,66,95,27,51,9,77,62,46,48,22,0.88,0.529411765,0.566666667,1.25,0.658823529,1.1875,1,1.375,1.107142857,0.821428571,0.857142857,0.392857143,5.803571429,53,41
16/05/2021,67,63,70,0,17,68,7,66,65,46,52,23,0.864197531,0.369565217,0.819277108,1.175438596,0.777777778,0,0.7,1.157894737,1.140350877,0.807017544,0.912280702,0.403508772,5.596491228,63,43
23/05/2021,68,45,74,0,34,84,8,75,67,47,52,23,0.870588235,0.68,1.05,1.152542373,0.529411765,0,0.727272727,1.271186441,1.13559322,0.796610169,0.881355932,0.389830508,5.627118644,62,48
30/05/2021,71,45,63,0,20,59,12,65,59,50,55,24,0.73255814,0.434782609,0.756410256,1.075757576,0.535714286,0,1.333333333,0.984848485,0.893939394,0.757575758,0.833333333,0.363636364,4.909090909,67,53
06/06/2021,71,51,60,0,37,66,11,46,58,47,52,20,0.821917808,0.787234043,0.88,1.224137931,0.614457831,0,1.375,0.793103448,1,0.810344828,0.896551724,0.344827586,5.068965517,53,42
13/06/2021,71,50,62,0,17,74,9,58,60,50,54,20,0.837837838,0.34,1,1.203389831,0.595238095,0,1,0.983050847,1.016949153,0.847457627,0.915254237,0.338983051,5.305084746,56,41
20/06/2021,85,53,62,49,21,53,10,74,62,49,54,21,0.826666667,0.456521739,0.736111111,1.440677966,0.638554217,0.569767442,1,1.254237288,1.050847458,0.830508475,0.915254237,0.355932203,5.847457627,59,42
27/06/2021,67,57,81,0,27,54,16,69,64,49,55,21,1,0.613636364,0.75,1.015151515,0.670588235,0,2,1.045454545,0.96969697,0.742424242,0.833333333,0.318181818,4.924242424,65,44
04/07/2021,67,41,60,49,21,52,7,55,59,49,55,20,0.75,0.446808511,0.742857143,1.046875,0.493975904,0.544444444,0.875,0.859375,0.921875,0.765625,0.859375,0.3125,4.765625,69,42
11/07/2021,70,80,67,48,27,66,13,58,58,49,51,20,0.881578947,0.586956522,0.904109589,1.09375,0.930232558,0.551724138,1.3,0.90625,0.90625,0.765625,0.796875,0.3125,4.78125,48,42
18/07/2021,67,62,60,0,31,53,10,54,54,47,50,20,0.779220779,0.596153846,0.726027397,1.046875,0.712643678,0,1.25,0.84375,0.84375,0.734375,0.78125,0.3125,4.5625,49,43
25/07/2021,68,59,48,0,44,58,5,43,54,49,49,19,0.631578947,0.977777778,0.753246753,1.014925373,0.641304348,0,0.5,0.641791045,0.805970149,0.731343284,0.731343284,0.28358209,4.208955224,56,42
01/08/2021,67,63,59,0,30,56,8,51,62,49,51,19,0.797297297,0.612244898,0.746666667,1.030769231,0.73255814,0,0.8,0.784615385,0.953846154,0.753846154,0.784615385,0.292307692,4.6,52,42
08/08/2021,65,78,62,0,27,56,2,54,56,50,51,19,0.873239437,0.509433962,0.811594203,0.970149254,0.939759036,0,0.222222222,0.805970149,0.835820896,0.746268657,0.76119403,0.28358209,4.402985075,58,39
15/08/2021,67,52,55,0,27,57,12,60,49,50,50,20,0.763888889,0.54,0.791666667,1,0.619047619,0,1.333333333,0.895522388,0.731343284,0.746268657,0.746268657,0.298507463,4.417910448,54,38
22/08/2021,65,50,64,0,31,48,8,26,50,47,50,20,0.901408451,0.596153846,0.615384615,0.970149254,0.625,0,0.8,0.388059701,0.746268657,0.701492537,0.746268657,0.298507463,3.850746269,58,43
